START_DATE,VALUE
12/1/2017 0:00,95.25
12/2/2017 0:00,95.25
12/3/2017 0:00,95.25
12/4/2017 0:00,95.25
12/5/2017 0:00,95.25
12/6/2017 0:00,95.25
12/7/2017 0:00,95.25
12/8/2017 0:00,95.25
12/9/2017 0:00,95.25
12/10/2017 0:00,95.25
12/11/2017 0:00,95.25
12/12/2017 0:00,95.25
12/13/2017 0:00,95.25
12/14/2017 0:00,95.25
12/15/2017 0:00,95.25
12/16/2017 0:00,95.25
12/17/2017 0:00,95.25
12/18/2017 0:00,95.25
12/19/2017 0:00,95.25
12/20/2017 0:00,95.25
12/21/2017 0:00,95.25
12/22/2017 0:00,95.25
12/23/2017 0:00,95.25
12/24/2017 0:00,95.25
12/25/2017 0:00,95.25
12/26/2017 0:00,95.25
12/27/2017 0:00,95.25
12/28/2017 0:00,95.25
12/29/2017 0:00,95.25
12/30/2017 0:00,95.25
12/31/2017 0:00,95.25
1/1/2018 0:00,95.5
1/2/2018 0:00,95.5
1/3/2018 0:00,95.5
1/4/2018 0:00,95.5
1/5/2018 0:00,95.5
1/6/2018 0:00,95.5
1/7/2018 0:00,95.5
1/8/2018 0:00,95.5
1/9/2018 0:00,95.5
1/10/2018 0:00,95.5
1/11/2018 0:00,95.5
1/12/2018 0:00,95.5
1/13/2018 0:00,95.5
1/14/2018 0:00,95.5
1/15/2018 0:00,95.5
1/16/2018 0:00,95.5
1/17/2018 0:00,95.5
1/18/2018 0:00,95.5
1/19/2018 0:00,95.5
1/20/2018 0:00,95.5
1/21/2018 0:00,95.5
1/22/2018 0:00,95.5
1/23/2018 0:00,95.5
1/24/2018 0:00,95.5
1/25/2018 0:00,95.5
1/26/2018 0:00,95.5
1/27/2018 0:00,95.5
1/28/2018 0:00,95.5
1/29/2018 0:00,95.5
1/30/2018 0:00,95.5
1/31/2018 0:00,95.5
2/1/2018 0:00,94.25
2/2/2018 0:00,94.25
2/3/2018 0:00,94.25
2/4/2018 0:00,94.25
2/5/2018 0:00,94.25
2/6/2018 0:00,94.25
2/7/2018 0:00,94.25
2/8/2018 0:00,94.25
2/9/2018 0:00,94.25
2/10/2018 0:00,94.25
2/11/2018 0:00,94.25
2/12/2018 0:00,94.25
2/13/2018 0:00,94.25
2/14/2018 0:00,94.25
2/15/2018 0:00,94.25
2/16/2018 0:00,94.25
2/17/2018 0:00,94.25
2/18/2018 0:00,94.25
2/19/2018 0:00,94.25
2/20/2018 0:00,94.25
2/21/2018 0:00,94.25
2/22/2018 0:00,94.25
2/23/2018 0:00,94.25
2/24/2018 0:00,94.25
2/25/2018 0:00,94.25
2/26/2018 0:00,94.25
2/27/2018 0:00,94.25
2/28/2018 0:00,94.25
3/1/2018 0:00,93
3/2/2018 0:00,93
3/3/2018 0:00,93
3/4/2018 0:00,93
3/5/2018 0:00,93
3/6/2018 0:00,93
3/7/2018 0:00,93
3/8/2018 0:00,93
3/9/2018 0:00,93
3/10/2018 0:00,93
3/11/2018 0:00,93
3/12/2018 0:00,93
3/13/2018 0:00,93
3/14/2018 0:00,93
3/15/2018 0:00,93
3/16/2018 0:00,93
3/17/2018 0:00,93
3/18/2018 0:00,93
3/19/2018 0:00,93
3/20/2018 0:00,93
3/21/2018 0:00,93
3/22/2018 0:00,93
3/23/2018 0:00,93
3/24/2018 0:00,93
3/25/2018 0:00,93
3/26/2018 0:00,93
3/27/2018 0:00,93
3/28/2018 0:00,93
3/29/2018 0:00,93
3/30/2018 0:00,93
3/31/2018 0:00,93
4/1/2018 0:00,90.15882
4/2/2018 0:00,90.15882
4/3/2018 0:00,90.15882
4/4/2018 0:00,90.15882
4/5/2018 0:00,90.15882
4/6/2018 0:00,90.15882
4/7/2018 0:00,90.15882
4/8/2018 0:00,90.15882
4/9/2018 0:00,90.15882
4/10/2018 0:00,90.15882
4/11/2018 0:00,90.15882
4/12/2018 0:00,90.15882
4/13/2018 0:00,90.15882
4/14/2018 0:00,90.15882
4/15/2018 0:00,90.15882
4/16/2018 0:00,90.15882
4/17/2018 0:00,90.15882
4/18/2018 0:00,90.15882
4/19/2018 0:00,90.15882
4/20/2018 0:00,90.15882
4/21/2018 0:00,90.15882
4/22/2018 0:00,90.15882
4/23/2018 0:00,90.15882
4/24/2018 0:00,90.15882
4/25/2018 0:00,90.15882
4/26/2018 0:00,90.15882
4/27/2018 0:00,90.15882
4/28/2018 0:00,90.15882
4/29/2018 0:00,90.15882
4/30/2018 0:00,90.15882
5/1/2018 0:00,89.95
5/2/2018 0:00,89.95
5/3/2018 0:00,89.95
5/4/2018 0:00,89.95
5/5/2018 0:00,89.95
5/6/2018 0:00,89.95
5/7/2018 0:00,89.95
5/8/2018 0:00,89.95
5/9/2018 0:00,89.95
5/10/2018 0:00,89.95
5/11/2018 0:00,89.95
5/12/2018 0:00,89.95
5/13/2018 0:00,89.95
5/14/2018 0:00,89.95
5/15/2018 0:00,89.95
5/16/2018 0:00,89.95
5/17/2018 0:00,89.95
5/18/2018 0:00,89.95
5/19/2018 0:00,89.95
5/20/2018 0:00,89.95
5/21/2018 0:00,89.95
5/22/2018 0:00,89.95
5/23/2018 0:00,89.95
5/24/2018 0:00,89.95
5/25/2018 0:00,89.95
5/26/2018 0:00,89.95
5/27/2018 0:00,89.95
5/28/2018 0:00,89.95
5/29/2018 0:00,89.95
5/30/2018 0:00,89.95
5/31/2018 0:00,89.95
6/1/2018 0:00,89.74117
6/2/2018 0:00,89.74117
6/3/2018 0:00,89.74117
6/4/2018 0:00,89.74117
6/5/2018 0:00,89.74117
6/6/2018 0:00,89.74117
6/7/2018 0:00,89.74117
6/8/2018 0:00,89.74117
6/9/2018 0:00,89.74117
6/10/2018 0:00,89.74117
6/11/2018 0:00,89.74117
6/12/2018 0:00,89.74117
6/13/2018 0:00,89.74117
6/14/2018 0:00,89.74117
6/15/2018 0:00,89.74117
6/16/2018 0:00,89.74117
6/17/2018 0:00,89.74117
6/18/2018 0:00,89.74117
6/19/2018 0:00,89.74117
6/20/2018 0:00,89.74117
6/21/2018 0:00,89.74117
6/22/2018 0:00,89.74117
6/23/2018 0:00,89.74117
6/24/2018 0:00,89.74117
6/25/2018 0:00,89.74117
6/26/2018 0:00,89.74117
6/27/2018 0:00,89.74117
6/28/2018 0:00,89.74117
6/29/2018 0:00,89.74117
6/30/2018 0:00,89.74117
7/1/2018 0:00,89.12569
7/2/2018 0:00,89.12569
7/3/2018 0:00,89.12569
7/4/2018 0:00,89.12569
7/5/2018 0:00,89.12569
7/6/2018 0:00,89.12569
7/7/2018 0:00,89.12569
7/8/2018 0:00,89.12569
7/9/2018 0:00,89.12569
7/10/2018 0:00,89.12569
7/11/2018 0:00,89.12569
7/12/2018 0:00,89.12569
7/13/2018 0:00,89.12569
7/14/2018 0:00,89.12569
7/15/2018 0:00,89.12569
7/16/2018 0:00,89.12569
7/17/2018 0:00,89.12569
7/18/2018 0:00,89.12569
7/19/2018 0:00,89.12569
7/20/2018 0:00,89.12569
7/21/2018 0:00,89.12569
7/22/2018 0:00,89.12569
7/23/2018 0:00,89.12569
7/24/2018 0:00,89.12569
7/25/2018 0:00,89.12569
7/26/2018 0:00,89.12569
7/27/2018 0:00,89.12569
7/28/2018 0:00,89.12569
7/29/2018 0:00,89.12569
7/30/2018 0:00,89.12569
7/31/2018 0:00,89.12569
8/1/2018 0:00,88.27438
8/2/2018 0:00,88.27438
8/3/2018 0:00,88.27438
8/4/2018 0:00,88.27438
8/5/2018 0:00,88.27438
8/6/2018 0:00,88.27438
8/7/2018 0:00,88.27438
8/8/2018 0:00,88.27438
8/9/2018 0:00,88.27438
8/10/2018 0:00,88.27438
8/11/2018 0:00,88.27438
8/12/2018 0:00,88.27438
8/13/2018 0:00,88.27438
8/14/2018 0:00,88.27438
8/15/2018 0:00,88.27438
8/16/2018 0:00,88.27438
8/17/2018 0:00,88.27438
8/18/2018 0:00,88.27438
8/19/2018 0:00,88.27438
8/20/2018 0:00,88.27438
8/21/2018 0:00,88.27438
8/22/2018 0:00,88.27438
8/23/2018 0:00,88.27438
8/24/2018 0:00,88.27438
8/25/2018 0:00,88.27438
8/26/2018 0:00,88.27438
8/27/2018 0:00,88.27438
8/28/2018 0:00,88.27438
8/29/2018 0:00,88.27438
8/30/2018 0:00,88.27438
8/31/2018 0:00,88.27438
9/1/2018 0:00,87.52907
9/2/2018 0:00,87.52907
9/3/2018 0:00,87.52907
9/4/2018 0:00,87.52907
9/5/2018 0:00,87.52907
9/6/2018 0:00,87.52907
9/7/2018 0:00,87.52907
9/8/2018 0:00,87.52907
9/9/2018 0:00,87.52907
9/10/2018 0:00,87.52907
9/11/2018 0:00,87.52907
9/12/2018 0:00,87.52907
9/13/2018 0:00,87.52907
9/14/2018 0:00,87.52907
9/15/2018 0:00,87.52907
9/16/2018 0:00,87.52907
9/17/2018 0:00,87.52907
9/18/2018 0:00,87.52907
9/19/2018 0:00,87.52907
9/20/2018 0:00,87.52907
9/21/2018 0:00,87.52907
9/22/2018 0:00,87.52907
9/23/2018 0:00,87.52907
9/24/2018 0:00,87.52907
9/25/2018 0:00,87.52907
9/26/2018 0:00,87.52907
9/27/2018 0:00,87.52907
9/28/2018 0:00,87.52907
9/29/2018 0:00,87.52907
9/30/2018 0:00,87.52907
10/1/2018 0:00,87.97291
10/2/2018 0:00,87.97291
10/3/2018 0:00,87.97291
10/4/2018 0:00,87.97291
10/5/2018 0:00,87.97291
10/6/2018 0:00,87.97291
10/7/2018 0:00,87.97291
10/8/2018 0:00,87.97291
10/9/2018 0:00,87.97291
10/10/2018 0:00,87.97291
10/11/2018 0:00,87.97291
10/12/2018 0:00,87.97291
10/13/2018 0:00,87.97291
10/14/2018 0:00,87.97291
10/15/2018 0:00,87.97291
10/16/2018 0:00,87.97291
10/17/2018 0:00,87.97291
10/18/2018 0:00,87.97291
10/19/2018 0:00,87.97291
10/20/2018 0:00,87.97291
10/21/2018 0:00,87.97291
10/22/2018 0:00,87.97291
10/23/2018 0:00,87.97291
10/24/2018 0:00,87.97291
10/25/2018 0:00,87.97291
10/26/2018 0:00,87.97291
10/27/2018 0:00,87.97291
10/28/2018 0:00,87.97291
10/29/2018 0:00,87.97291
10/30/2018 0:00,87.97291
10/31/2018 0:00,87.97291
11/1/2018 0:00,87.5
11/2/2018 0:00,87.5
11/3/2018 0:00,87.5
11/4/2018 0:00,87.5
11/5/2018 0:00,87.5
11/6/2018 0:00,87.5
11/7/2018 0:00,87.5
11/8/2018 0:00,87.5
11/9/2018 0:00,87.5
11/10/2018 0:00,87.5
11/11/2018 0:00,87.5
11/12/2018 0:00,87.5
11/13/2018 0:00,87.5
11/14/2018 0:00,87.5
11/15/2018 0:00,87.5
11/16/2018 0:00,87.5
11/17/2018 0:00,87.5
11/18/2018 0:00,87.5
11/19/2018 0:00,87.5
11/20/2018 0:00,87.5
11/21/2018 0:00,87.5
11/22/2018 0:00,87.5
11/23/2018 0:00,87.5
11/24/2018 0:00,87.5
11/25/2018 0:00,87.5
11/26/2018 0:00,87.5
11/27/2018 0:00,87.5
11/28/2018 0:00,87.5
11/29/2018 0:00,87.5
11/30/2018 0:00,87.5
12/1/2018 0:00,87.02709
12/2/2018 0:00,87.02709
12/3/2018 0:00,87.02709
12/4/2018 0:00,87.02709
12/5/2018 0:00,87.02709
12/6/2018 0:00,87.02709
12/7/2018 0:00,87.02709
12/8/2018 0:00,87.02709
12/9/2018 0:00,87.02709
12/10/2018 0:00,87.02709
12/11/2018 0:00,87.02709
12/12/2018 0:00,87.02709
12/13/2018 0:00,87.02709
12/14/2018 0:00,87.02709
12/15/2018 0:00,87.02709
12/16/2018 0:00,87.02709
12/17/2018 0:00,87.02709
12/18/2018 0:00,87.02709
12/19/2018 0:00,87.02709
12/20/2018 0:00,87.02709
12/21/2018 0:00,87.02709
12/22/2018 0:00,87.02709
12/23/2018 0:00,87.02709
12/24/2018 0:00,87.02709
12/25/2018 0:00,87.02709
12/26/2018 0:00,87.02709
12/27/2018 0:00,87.02709
12/28/2018 0:00,87.02709
12/29/2018 0:00,87.02709
12/30/2018 0:00,87.02709
12/31/2018 0:00,87.02709
1/1/2019 0:00,85.86805
1/2/2019 0:00,85.86805
1/3/2019 0:00,85.86805
1/4/2019 0:00,85.86805
1/5/2019 0:00,85.86805
1/6/2019 0:00,85.86805
1/7/2019 0:00,85.86805
1/8/2019 0:00,85.86805
1/9/2019 0:00,85.86805
1/10/2019 0:00,85.86805
1/11/2019 0:00,85.86805
1/12/2019 0:00,85.86805
1/13/2019 0:00,85.86805
1/14/2019 0:00,85.86805
1/15/2019 0:00,85.86805
1/16/2019 0:00,85.86805
1/17/2019 0:00,85.86805
1/18/2019 0:00,85.86805
1/19/2019 0:00,85.86805
1/20/2019 0:00,85.86805
1/21/2019 0:00,85.86805
1/22/2019 0:00,85.86805
1/23/2019 0:00,85.86805
1/24/2019 0:00,85.86805
1/25/2019 0:00,85.86805
1/26/2019 0:00,85.86805
1/27/2019 0:00,85.86805
1/28/2019 0:00,85.86805
1/29/2019 0:00,85.86805
1/30/2019 0:00,85.86805
1/31/2019 0:00,85.86805
2/1/2019 0:00,85.46155
2/2/2019 0:00,85.46155
2/3/2019 0:00,85.46155
2/4/2019 0:00,85.46155
2/5/2019 0:00,85.46155
2/6/2019 0:00,85.46155
2/7/2019 0:00,85.46155
2/8/2019 0:00,85.46155
2/9/2019 0:00,85.46155
2/10/2019 0:00,85.46155
2/11/2019 0:00,85.46155
2/12/2019 0:00,85.46155
2/13/2019 0:00,85.46155
2/14/2019 0:00,85.46155
2/15/2019 0:00,85.46155
2/16/2019 0:00,85.46155
2/17/2019 0:00,85.46155
2/18/2019 0:00,85.46155
2/19/2019 0:00,85.46155
2/20/2019 0:00,85.46155
2/21/2019 0:00,85.46155
2/22/2019 0:00,85.46155
2/23/2019 0:00,85.46155
2/24/2019 0:00,85.46155
2/25/2019 0:00,85.46155
2/26/2019 0:00,85.46155
2/27/2019 0:00,85.46155
2/28/2019 0:00,85.46155
3/1/2019 0:00,85.05505
3/2/2019 0:00,85.05505
3/3/2019 0:00,85.05505
3/4/2019 0:00,85.05505
3/5/2019 0:00,85.05505
3/6/2019 0:00,85.05505
3/7/2019 0:00,85.05505
3/8/2019 0:00,85.05505
3/9/2019 0:00,85.05505
3/10/2019 0:00,85.05505
3/11/2019 0:00,85.05505
3/12/2019 0:00,85.05505
3/13/2019 0:00,85.05505
3/14/2019 0:00,85.05505
3/15/2019 0:00,85.05505
3/16/2019 0:00,85.05505
3/17/2019 0:00,85.05505
3/18/2019 0:00,85.05505
3/19/2019 0:00,85.05505
3/20/2019 0:00,85.05505
3/21/2019 0:00,85.05505
3/22/2019 0:00,85.05505
3/23/2019 0:00,85.05505
3/24/2019 0:00,85.05505
3/25/2019 0:00,85.05505
3/26/2019 0:00,85.05505
3/27/2019 0:00,85.05505
3/28/2019 0:00,85.05505
3/29/2019 0:00,85.05505
3/30/2019 0:00,85.05505
3/31/2019 0:00,85.05505
4/1/2019 0:00,84.86458
4/2/2019 0:00,84.86458
4/3/2019 0:00,84.86458
4/4/2019 0:00,84.86458
4/5/2019 0:00,84.86458
4/6/2019 0:00,84.86458
4/7/2019 0:00,84.86458
4/8/2019 0:00,84.86458
4/9/2019 0:00,84.86458
4/10/2019 0:00,84.86458
4/11/2019 0:00,84.86458
4/12/2019 0:00,84.86458
4/13/2019 0:00,84.86458
4/14/2019 0:00,84.86458
4/15/2019 0:00,84.86458
4/16/2019 0:00,84.86458
4/17/2019 0:00,84.86458
4/18/2019 0:00,84.86458
4/19/2019 0:00,84.86458
4/20/2019 0:00,84.86458
4/21/2019 0:00,84.86458
4/22/2019 0:00,84.86458
4/23/2019 0:00,84.86458
4/24/2019 0:00,84.86458
4/25/2019 0:00,84.86458
4/26/2019 0:00,84.86458
4/27/2019 0:00,84.86458
4/28/2019 0:00,84.86458
4/29/2019 0:00,84.86458
4/30/2019 0:00,84.86458
5/1/2019 0:00,84.44078
5/2/2019 0:00,84.44078
5/3/2019 0:00,84.44078
5/4/2019 0:00,84.44078
5/5/2019 0:00,84.44078
5/6/2019 0:00,84.44078
5/7/2019 0:00,84.44078
5/8/2019 0:00,84.44078
5/9/2019 0:00,84.44078
5/10/2019 0:00,84.44078
5/11/2019 0:00,84.44078
5/12/2019 0:00,84.44078
5/13/2019 0:00,84.44078
5/14/2019 0:00,84.44078
5/15/2019 0:00,84.44078
5/16/2019 0:00,84.44078
5/17/2019 0:00,84.44078
5/18/2019 0:00,84.44078
5/19/2019 0:00,84.44078
5/20/2019 0:00,84.44078
5/21/2019 0:00,84.44078
5/22/2019 0:00,84.44078
5/23/2019 0:00,84.44078
5/24/2019 0:00,84.44078
5/25/2019 0:00,84.44078
5/26/2019 0:00,84.44078
5/27/2019 0:00,84.44078
5/28/2019 0:00,84.44078
5/29/2019 0:00,84.44078
5/30/2019 0:00,84.44078
5/31/2019 0:00,84.44078
6/1/2019 0:00,84.01698
6/2/2019 0:00,84.01698
6/3/2019 0:00,84.01698
6/4/2019 0:00,84.01698
6/5/2019 0:00,84.01698
6/6/2019 0:00,84.01698
6/7/2019 0:00,84.01698
6/8/2019 0:00,84.01698
6/9/2019 0:00,84.01698
6/10/2019 0:00,84.01698
6/11/2019 0:00,84.01698
6/12/2019 0:00,84.01698
6/13/2019 0:00,84.01698
6/14/2019 0:00,84.01698
6/15/2019 0:00,84.01698
6/16/2019 0:00,84.01698
6/17/2019 0:00,84.01698
6/18/2019 0:00,84.01698
6/19/2019 0:00,84.01698
6/20/2019 0:00,84.01698
6/21/2019 0:00,84.01698
6/22/2019 0:00,84.01698
6/23/2019 0:00,84.01698
6/24/2019 0:00,84.01698
6/25/2019 0:00,84.01698
6/26/2019 0:00,84.01698
6/27/2019 0:00,84.01698
6/28/2019 0:00,84.01698
6/29/2019 0:00,84.01698
6/30/2019 0:00,84.01698
7/1/2019 0:00,83.98416
7/2/2019 0:00,83.98416
7/3/2019 0:00,83.98416
7/4/2019 0:00,83.98416
7/5/2019 0:00,83.98416
7/6/2019 0:00,83.98416
7/7/2019 0:00,83.98416
7/8/2019 0:00,83.98416
7/9/2019 0:00,83.98416
7/10/2019 0:00,83.98416
7/11/2019 0:00,83.98416
7/12/2019 0:00,83.98416
7/13/2019 0:00,83.98416
7/14/2019 0:00,83.98416
7/15/2019 0:00,83.98416
7/16/2019 0:00,83.98416
7/17/2019 0:00,83.98416
7/18/2019 0:00,83.98416
7/19/2019 0:00,83.98416
7/20/2019 0:00,83.98416
7/21/2019 0:00,83.98416
7/22/2019 0:00,83.98416
7/23/2019 0:00,83.98416
7/24/2019 0:00,83.98416
7/25/2019 0:00,83.98416
7/26/2019 0:00,83.98416
7/27/2019 0:00,83.98416
7/28/2019 0:00,83.98416
7/29/2019 0:00,83.98416
7/30/2019 0:00,83.98416
7/31/2019 0:00,83.98416
8/1/2019 0:00,83.53317
8/2/2019 0:00,83.53317
8/3/2019 0:00,83.53317
8/4/2019 0:00,83.53317
8/5/2019 0:00,83.53317
8/6/2019 0:00,83.53317
8/7/2019 0:00,83.53317
8/8/2019 0:00,83.53317
8/9/2019 0:00,83.53317
8/10/2019 0:00,83.53317
8/11/2019 0:00,83.53317
8/12/2019 0:00,83.53317
8/13/2019 0:00,83.53317
8/14/2019 0:00,83.53317
8/15/2019 0:00,83.53317
8/16/2019 0:00,83.53317
8/17/2019 0:00,83.53317
8/18/2019 0:00,83.53317
8/19/2019 0:00,83.53317
8/20/2019 0:00,83.53317
8/21/2019 0:00,83.53317
8/22/2019 0:00,83.53317
8/23/2019 0:00,83.53317
8/24/2019 0:00,83.53317
8/25/2019 0:00,83.53317
8/26/2019 0:00,83.53317
8/27/2019 0:00,83.53317
8/28/2019 0:00,83.53317
8/29/2019 0:00,83.53317
8/30/2019 0:00,83.53317
8/31/2019 0:00,83.53317
9/1/2019 0:00,83.08219
9/2/2019 0:00,83.08219
9/3/2019 0:00,83.08219
9/4/2019 0:00,83.08219
9/5/2019 0:00,83.08219
9/6/2019 0:00,83.08219
9/7/2019 0:00,83.08219
9/8/2019 0:00,83.08219
9/9/2019 0:00,83.08219
9/10/2019 0:00,83.08219
9/11/2019 0:00,83.08219
9/12/2019 0:00,83.08219
9/13/2019 0:00,83.08219
9/14/2019 0:00,83.08219
9/15/2019 0:00,83.08219
9/16/2019 0:00,83.08219
9/17/2019 0:00,83.08219
9/18/2019 0:00,83.08219
9/19/2019 0:00,83.08219
9/20/2019 0:00,83.08219
9/21/2019 0:00,83.08219
9/22/2019 0:00,83.08219
9/23/2019 0:00,83.08219
9/24/2019 0:00,83.08219
9/25/2019 0:00,83.08219
9/26/2019 0:00,83.08219
9/27/2019 0:00,83.08219
9/28/2019 0:00,83.08219
9/29/2019 0:00,83.08219
9/30/2019 0:00,83.08219
10/1/2019 0:00,82.89573
10/2/2019 0:00,82.89573
10/3/2019 0:00,82.89573
10/4/2019 0:00,82.89573
10/5/2019 0:00,82.89573
10/6/2019 0:00,82.89573
10/7/2019 0:00,82.89573
10/8/2019 0:00,82.89573
10/9/2019 0:00,82.89573
10/10/2019 0:00,82.89573
10/11/2019 0:00,82.89573
10/12/2019 0:00,82.89573
10/13/2019 0:00,82.89573
10/14/2019 0:00,82.89573
10/15/2019 0:00,82.89573
10/16/2019 0:00,82.89573
10/17/2019 0:00,82.89573
10/18/2019 0:00,82.89573
10/19/2019 0:00,82.89573
10/20/2019 0:00,82.89573
10/21/2019 0:00,82.89573
10/22/2019 0:00,82.89573
10/23/2019 0:00,82.89573
10/24/2019 0:00,82.89573
10/25/2019 0:00,82.89573
10/26/2019 0:00,82.89573
10/27/2019 0:00,82.89573
10/28/2019 0:00,82.89573
10/29/2019 0:00,82.89573
10/30/2019 0:00,82.89573
10/31/2019 0:00,82.89573
11/1/2019 0:00,82.53114
11/2/2019 0:00,82.53114
11/3/2019 0:00,82.53114
11/4/2019 0:00,82.53114
11/5/2019 0:00,82.53114
11/6/2019 0:00,82.53114
11/7/2019 0:00,82.53114
11/8/2019 0:00,82.53114
11/9/2019 0:00,82.53114
11/10/2019 0:00,82.53114
11/11/2019 0:00,82.53114
11/12/2019 0:00,82.53114
11/13/2019 0:00,82.53114
11/14/2019 0:00,82.53114
11/15/2019 0:00,82.53114
11/16/2019 0:00,82.53114
11/17/2019 0:00,82.53114
11/18/2019 0:00,82.53114
11/19/2019 0:00,82.53114
11/20/2019 0:00,82.53114
11/21/2019 0:00,82.53114
11/22/2019 0:00,82.53114
11/23/2019 0:00,82.53114
11/24/2019 0:00,82.53114
11/25/2019 0:00,82.53114
11/26/2019 0:00,82.53114
11/27/2019 0:00,82.53114
11/28/2019 0:00,82.53114
11/29/2019 0:00,82.53114
11/30/2019 0:00,82.53114
12/1/2019 0:00,82.16656
12/2/2019 0:00,82.16656
12/3/2019 0:00,82.16656
12/4/2019 0:00,82.16656
12/5/2019 0:00,82.16656
12/6/2019 0:00,82.16656
12/7/2019 0:00,82.16656
12/8/2019 0:00,82.16656
12/9/2019 0:00,82.16656
12/10/2019 0:00,82.16656
12/11/2019 0:00,82.16656
12/12/2019 0:00,82.16656
12/13/2019 0:00,82.16656
12/14/2019 0:00,82.16656
12/15/2019 0:00,82.16656
12/16/2019 0:00,82.16656
12/17/2019 0:00,82.16656
12/18/2019 0:00,82.16656
12/19/2019 0:00,82.16656
12/20/2019 0:00,82.16656
12/21/2019 0:00,82.16656
12/22/2019 0:00,82.16656
12/23/2019 0:00,82.16656
12/24/2019 0:00,82.16656
12/25/2019 0:00,82.16656
12/26/2019 0:00,82.16656
12/27/2019 0:00,82.16656
12/28/2019 0:00,82.16656
12/29/2019 0:00,82.16656
12/30/2019 0:00,82.16656
12/31/2019 0:00,82.16656
1/1/2020 0:00,81.39522
1/2/2020 0:00,81.39522
1/3/2020 0:00,81.39522
1/4/2020 0:00,81.39522
1/5/2020 0:00,81.39522
1/6/2020 0:00,81.39522
1/7/2020 0:00,81.39522
1/8/2020 0:00,81.39522
1/9/2020 0:00,81.39522
1/10/2020 0:00,81.39522
1/11/2020 0:00,81.39522
1/12/2020 0:00,81.39522
1/13/2020 0:00,81.39522
1/14/2020 0:00,81.39522
1/15/2020 0:00,81.39522
1/16/2020 0:00,81.39522
1/17/2020 0:00,81.39522
1/18/2020 0:00,81.39522
1/19/2020 0:00,81.39522
1/20/2020 0:00,81.39522
1/21/2020 0:00,81.39522
1/22/2020 0:00,81.39522
1/23/2020 0:00,81.39522
1/24/2020 0:00,81.39522
1/25/2020 0:00,81.39522
1/26/2020 0:00,81.39522
1/27/2020 0:00,81.39522
1/28/2020 0:00,81.39522
1/29/2020 0:00,81.39522
1/30/2020 0:00,81.39522
1/31/2020 0:00,81.39522
2/1/2020 0:00,81.11026
2/2/2020 0:00,81.11026
2/3/2020 0:00,81.11026
2/4/2020 0:00,81.11026
2/5/2020 0:00,81.11026
2/6/2020 0:00,81.11026
2/7/2020 0:00,81.11026
2/8/2020 0:00,81.11026
2/9/2020 0:00,81.11026
2/10/2020 0:00,81.11026
2/11/2020 0:00,81.11026
2/12/2020 0:00,81.11026
2/13/2020 0:00,81.11026
2/14/2020 0:00,81.11026
2/15/2020 0:00,81.11026
2/16/2020 0:00,81.11026
2/17/2020 0:00,81.11026
2/18/2020 0:00,81.11026
2/19/2020 0:00,81.11026
2/20/2020 0:00,81.11026
2/21/2020 0:00,81.11026
2/22/2020 0:00,81.11026
2/23/2020 0:00,81.11026
2/24/2020 0:00,81.11026
2/25/2020 0:00,81.11026
2/26/2020 0:00,81.11026
2/27/2020 0:00,81.11026
2/28/2020 0:00,81.11026
2/29/2020 0:00,81.11026
3/1/2020 0:00,80.8253
3/2/2020 0:00,80.8253
3/3/2020 0:00,80.8253
3/4/2020 0:00,80.8253
3/5/2020 0:00,80.8253
3/6/2020 0:00,80.8253
3/7/2020 0:00,80.8253
3/8/2020 0:00,80.8253
3/9/2020 0:00,80.8253
3/10/2020 0:00,80.8253
3/11/2020 0:00,80.8253
3/12/2020 0:00,80.8253
3/13/2020 0:00,80.8253
3/14/2020 0:00,80.8253
3/15/2020 0:00,80.8253
3/16/2020 0:00,80.8253
3/17/2020 0:00,80.8253
3/18/2020 0:00,80.8253
3/19/2020 0:00,80.8253
3/20/2020 0:00,80.8253
3/21/2020 0:00,80.8253
3/22/2020 0:00,80.8253
3/23/2020 0:00,80.8253
3/24/2020 0:00,80.8253
3/25/2020 0:00,80.8253
3/26/2020 0:00,80.8253
3/27/2020 0:00,80.8253
3/28/2020 0:00,80.8253
3/29/2020 0:00,80.8253
3/30/2020 0:00,80.8253
3/31/2020 0:00,80.8253
4/1/2020 0:00,80.54035
4/2/2020 0:00,80.54035
4/3/2020 0:00,80.54035
4/4/2020 0:00,80.54035
4/5/2020 0:00,80.54035
4/6/2020 0:00,80.54035
4/7/2020 0:00,80.54035
4/8/2020 0:00,80.54035
4/9/2020 0:00,80.54035
4/10/2020 0:00,80.54035
4/11/2020 0:00,80.54035
4/12/2020 0:00,80.54035
4/13/2020 0:00,80.54035
4/14/2020 0:00,80.54035
4/15/2020 0:00,80.54035
4/16/2020 0:00,80.54035
4/17/2020 0:00,80.54035
4/18/2020 0:00,80.54035
4/19/2020 0:00,80.54035
4/20/2020 0:00,80.54035
4/21/2020 0:00,80.54035
4/22/2020 0:00,80.54035
4/23/2020 0:00,80.54035
4/24/2020 0:00,80.54035
4/25/2020 0:00,80.54035
4/26/2020 0:00,80.54035
4/27/2020 0:00,80.54035
4/28/2020 0:00,80.54035
4/29/2020 0:00,80.54035
4/30/2020 0:00,80.54035
5/1/2020 0:00,80.34098
5/2/2020 0:00,80.34098
5/3/2020 0:00,80.34098
5/4/2020 0:00,80.34098
5/5/2020 0:00,80.34098
5/6/2020 0:00,80.34098
5/7/2020 0:00,80.34098
5/8/2020 0:00,80.34098
5/9/2020 0:00,80.34098
5/10/2020 0:00,80.34098
5/11/2020 0:00,80.34098
5/12/2020 0:00,80.34098
5/13/2020 0:00,80.34098
5/14/2020 0:00,80.34098
5/15/2020 0:00,80.34098
5/16/2020 0:00,80.34098
5/17/2020 0:00,80.34098
5/18/2020 0:00,80.34098
5/19/2020 0:00,80.34098
5/20/2020 0:00,80.34098
5/21/2020 0:00,80.34098
5/22/2020 0:00,80.34098
5/23/2020 0:00,80.34098
5/24/2020 0:00,80.34098
5/25/2020 0:00,80.34098
5/26/2020 0:00,80.34098
5/27/2020 0:00,80.34098
5/28/2020 0:00,80.34098
5/29/2020 0:00,80.34098
5/30/2020 0:00,80.34098
5/31/2020 0:00,80.34098
6/1/2020 0:00,80.14161
6/2/2020 0:00,80.14161
6/3/2020 0:00,80.14161
6/4/2020 0:00,80.14161
6/5/2020 0:00,80.14161
6/6/2020 0:00,80.14161
6/7/2020 0:00,80.14161
6/8/2020 0:00,80.14161
6/9/2020 0:00,80.14161
6/10/2020 0:00,80.14161
6/11/2020 0:00,80.14161
6/12/2020 0:00,80.14161
6/13/2020 0:00,80.14161
6/14/2020 0:00,80.14161
6/15/2020 0:00,80.14161
6/16/2020 0:00,80.14161
6/17/2020 0:00,80.14161
6/18/2020 0:00,80.14161
6/19/2020 0:00,80.14161
6/20/2020 0:00,80.14161
6/21/2020 0:00,80.14161
6/22/2020 0:00,80.14161
6/23/2020 0:00,80.14161
6/24/2020 0:00,80.14161
6/25/2020 0:00,80.14161
6/26/2020 0:00,80.14161
6/27/2020 0:00,80.14161
6/28/2020 0:00,80.14161
6/29/2020 0:00,80.14161
6/30/2020 0:00,80.14161
7/1/2020 0:00,79.94224
7/2/2020 0:00,79.94224
7/3/2020 0:00,79.94224
7/4/2020 0:00,79.94224
7/5/2020 0:00,79.94224
7/6/2020 0:00,79.94224
7/7/2020 0:00,79.94224
7/8/2020 0:00,79.94224
7/9/2020 0:00,79.94224
7/10/2020 0:00,79.94224
7/11/2020 0:00,79.94224
7/12/2020 0:00,79.94224
7/13/2020 0:00,79.94224
7/14/2020 0:00,79.94224
7/15/2020 0:00,79.94224
7/16/2020 0:00,79.94224
7/17/2020 0:00,79.94224
7/18/2020 0:00,79.94224
7/19/2020 0:00,79.94224
7/20/2020 0:00,79.94224
7/21/2020 0:00,79.94224
7/22/2020 0:00,79.94224
7/23/2020 0:00,79.94224
7/24/2020 0:00,79.94224
7/25/2020 0:00,79.94224
7/26/2020 0:00,79.94224
7/27/2020 0:00,79.94224
7/28/2020 0:00,79.94224
7/29/2020 0:00,79.94224
7/30/2020 0:00,79.94224
7/31/2020 0:00,79.94224
8/1/2020 0:00,79.83265
8/2/2020 0:00,79.83265
8/3/2020 0:00,79.83265
8/4/2020 0:00,79.83265
8/5/2020 0:00,79.83265
8/6/2020 0:00,79.83265
8/7/2020 0:00,79.83265
8/8/2020 0:00,79.83265
8/9/2020 0:00,79.83265
8/10/2020 0:00,79.83265
8/11/2020 0:00,79.83265
8/12/2020 0:00,79.83265
8/13/2020 0:00,79.83265
8/14/2020 0:00,79.83265
8/15/2020 0:00,79.83265
8/16/2020 0:00,79.83265
8/17/2020 0:00,79.83265
8/18/2020 0:00,79.83265
8/19/2020 0:00,79.83265
8/20/2020 0:00,79.83265
8/21/2020 0:00,79.83265
8/22/2020 0:00,79.83265
8/23/2020 0:00,79.83265
8/24/2020 0:00,79.83265
8/25/2020 0:00,79.83265
8/26/2020 0:00,79.83265
8/27/2020 0:00,79.83265
8/28/2020 0:00,79.83265
8/29/2020 0:00,79.83265
8/30/2020 0:00,79.83265
8/31/2020 0:00,79.83265
9/1/2020 0:00,79.72307
9/2/2020 0:00,79.72307
9/3/2020 0:00,79.72307
9/4/2020 0:00,79.72307
9/5/2020 0:00,79.72307
9/6/2020 0:00,79.72307
9/7/2020 0:00,79.72307
9/8/2020 0:00,79.72307
9/9/2020 0:00,79.72307
9/10/2020 0:00,79.72307
9/11/2020 0:00,79.72307
9/12/2020 0:00,79.72307
9/13/2020 0:00,79.72307
9/14/2020 0:00,79.72307
9/15/2020 0:00,79.72307
9/16/2020 0:00,79.72307
9/17/2020 0:00,79.72307
9/18/2020 0:00,79.72307
9/19/2020 0:00,79.72307
9/20/2020 0:00,79.72307
9/21/2020 0:00,79.72307
9/22/2020 0:00,79.72307
9/23/2020 0:00,79.72307
9/24/2020 0:00,79.72307
9/25/2020 0:00,79.72307
9/26/2020 0:00,79.72307
9/27/2020 0:00,79.72307
9/28/2020 0:00,79.72307
9/29/2020 0:00,79.72307
9/30/2020 0:00,79.72307
10/1/2020 0:00,79.61349
10/2/2020 0:00,79.61349
10/3/2020 0:00,79.61349
10/4/2020 0:00,79.61349
10/5/2020 0:00,79.61349
10/6/2020 0:00,79.61349
10/7/2020 0:00,79.61349
10/8/2020 0:00,79.61349
10/9/2020 0:00,79.61349
10/10/2020 0:00,79.61349
10/11/2020 0:00,79.61349
10/12/2020 0:00,79.61349
10/13/2020 0:00,79.61349
10/14/2020 0:00,79.61349
10/15/2020 0:00,79.61349
10/16/2020 0:00,79.61349
10/17/2020 0:00,79.61349
10/18/2020 0:00,79.61349
10/19/2020 0:00,79.61349
10/20/2020 0:00,79.61349
10/21/2020 0:00,79.61349
10/22/2020 0:00,79.61349
10/23/2020 0:00,79.61349
10/24/2020 0:00,79.61349
10/25/2020 0:00,79.61349
10/26/2020 0:00,79.61349
10/27/2020 0:00,79.61349
10/28/2020 0:00,79.61349
10/29/2020 0:00,79.61349
10/30/2020 0:00,79.61349
10/31/2020 0:00,79.61349
11/1/2020 0:00,79.5039
11/2/2020 0:00,79.5039
11/3/2020 0:00,79.5039
11/4/2020 0:00,79.5039
11/5/2020 0:00,79.5039
11/6/2020 0:00,79.5039
11/7/2020 0:00,79.5039
11/8/2020 0:00,79.5039
11/9/2020 0:00,79.5039
11/10/2020 0:00,79.5039
11/11/2020 0:00,79.5039
11/12/2020 0:00,79.5039
11/13/2020 0:00,79.5039
11/14/2020 0:00,79.5039
11/15/2020 0:00,79.5039
11/16/2020 0:00,79.5039
11/17/2020 0:00,79.5039
11/18/2020 0:00,79.5039
11/19/2020 0:00,79.5039
11/20/2020 0:00,79.5039
11/21/2020 0:00,79.5039
11/22/2020 0:00,79.5039
11/23/2020 0:00,79.5039
11/24/2020 0:00,79.5039
11/25/2020 0:00,79.5039
11/26/2020 0:00,79.5039
11/27/2020 0:00,79.5039
11/28/2020 0:00,79.5039
11/29/2020 0:00,79.5039
11/30/2020 0:00,79.5039
12/1/2020 0:00,79.39432
12/2/2020 0:00,79.39432
12/3/2020 0:00,79.39432
12/4/2020 0:00,79.39432
12/5/2020 0:00,79.39432
12/6/2020 0:00,79.39432
12/7/2020 0:00,79.39432
12/8/2020 0:00,79.39432
12/9/2020 0:00,79.39432
12/10/2020 0:00,79.39432
12/11/2020 0:00,79.39432
12/12/2020 0:00,79.39432
12/13/2020 0:00,79.39432
12/14/2020 0:00,79.39432
12/15/2020 0:00,79.39432
12/16/2020 0:00,79.39432
12/17/2020 0:00,79.39432
12/18/2020 0:00,79.39432
12/19/2020 0:00,79.39432
12/20/2020 0:00,79.39432
12/21/2020 0:00,79.39432
12/22/2020 0:00,79.39432
12/23/2020 0:00,79.39432
12/24/2020 0:00,79.39432
12/25/2020 0:00,79.39432
12/26/2020 0:00,79.39432
12/27/2020 0:00,79.39432
12/28/2020 0:00,79.39432
12/29/2020 0:00,79.39432
12/30/2020 0:00,79.39432
12/31/2020 0:00,79.39432
1/1/2021 0:00,79.48773
1/2/2021 0:00,79.48773
1/3/2021 0:00,79.48773
1/4/2021 0:00,79.48773
1/5/2021 0:00,79.48773
1/6/2021 0:00,79.48773
1/7/2021 0:00,79.48773
1/8/2021 0:00,79.48773
1/9/2021 0:00,79.48773
1/10/2021 0:00,79.48773
1/11/2021 0:00,79.48773
1/12/2021 0:00,79.48773
1/13/2021 0:00,79.48773
1/14/2021 0:00,79.48773
1/15/2021 0:00,79.48773
1/16/2021 0:00,79.48773
1/17/2021 0:00,79.48773
1/18/2021 0:00,79.48773
1/19/2021 0:00,79.48773
1/20/2021 0:00,79.48773
1/21/2021 0:00,79.48773
1/22/2021 0:00,79.48773
1/23/2021 0:00,79.48773
1/24/2021 0:00,79.48773
1/25/2021 0:00,79.48773
1/26/2021 0:00,79.48773
1/27/2021 0:00,79.48773
1/28/2021 0:00,79.48773
1/29/2021 0:00,79.48773
1/30/2021 0:00,79.48773
1/31/2021 0:00,79.48773
2/1/2021 0:00,79.37791
2/2/2021 0:00,79.37791
2/3/2021 0:00,79.37791
2/4/2021 0:00,79.37791
2/5/2021 0:00,79.37791
2/6/2021 0:00,79.37791
2/7/2021 0:00,79.37791
2/8/2021 0:00,79.37791
2/9/2021 0:00,79.37791
2/10/2021 0:00,79.37791
2/11/2021 0:00,79.37791
2/12/2021 0:00,79.37791
2/13/2021 0:00,79.37791
2/14/2021 0:00,79.37791
2/15/2021 0:00,79.37791
2/16/2021 0:00,79.37791
2/17/2021 0:00,79.37791
2/18/2021 0:00,79.37791
2/19/2021 0:00,79.37791
2/20/2021 0:00,79.37791
2/21/2021 0:00,79.37791
2/22/2021 0:00,79.37791
2/23/2021 0:00,79.37791
2/24/2021 0:00,79.37791
2/25/2021 0:00,79.37791
2/26/2021 0:00,79.37791
2/27/2021 0:00,79.37791
2/28/2021 0:00,79.37791
3/1/2021 0:00,79.2681
3/2/2021 0:00,79.2681
3/3/2021 0:00,79.2681
3/4/2021 0:00,79.2681
3/5/2021 0:00,79.2681
3/6/2021 0:00,79.2681
3/7/2021 0:00,79.2681
3/8/2021 0:00,79.2681
3/9/2021 0:00,79.2681
3/10/2021 0:00,79.2681
3/11/2021 0:00,79.2681
3/12/2021 0:00,79.2681
3/13/2021 0:00,79.2681
3/14/2021 0:00,79.2681
3/15/2021 0:00,79.2681
3/16/2021 0:00,79.2681
3/17/2021 0:00,79.2681
3/18/2021 0:00,79.2681
3/19/2021 0:00,79.2681
3/20/2021 0:00,79.2681
3/21/2021 0:00,79.2681
3/22/2021 0:00,79.2681
3/23/2021 0:00,79.2681
3/24/2021 0:00,79.2681
3/25/2021 0:00,79.2681
3/26/2021 0:00,79.2681
3/27/2021 0:00,79.2681
3/28/2021 0:00,79.2681
3/29/2021 0:00,79.2681
3/30/2021 0:00,79.2681
3/31/2021 0:00,79.2681
4/1/2021 0:00,79.15828
4/2/2021 0:00,79.15828
4/3/2021 0:00,79.15828
4/4/2021 0:00,79.15828
4/5/2021 0:00,79.15828
4/6/2021 0:00,79.15828
4/7/2021 0:00,79.15828
4/8/2021 0:00,79.15828
4/9/2021 0:00,79.15828
4/10/2021 0:00,79.15828
4/11/2021 0:00,79.15828
4/12/2021 0:00,79.15828
4/13/2021 0:00,79.15828
4/14/2021 0:00,79.15828
4/15/2021 0:00,79.15828
4/16/2021 0:00,79.15828
4/17/2021 0:00,79.15828
4/18/2021 0:00,79.15828
4/19/2021 0:00,79.15828
4/20/2021 0:00,79.15828
4/21/2021 0:00,79.15828
4/22/2021 0:00,79.15828
4/23/2021 0:00,79.15828
4/24/2021 0:00,79.15828
4/25/2021 0:00,79.15828
4/26/2021 0:00,79.15828
4/27/2021 0:00,79.15828
4/28/2021 0:00,79.15828
4/29/2021 0:00,79.15828
4/30/2021 0:00,79.15828
5/1/2021 0:00,79.04847
5/2/2021 0:00,79.04847
5/3/2021 0:00,79.04847
5/4/2021 0:00,79.04847
5/5/2021 0:00,79.04847
5/6/2021 0:00,79.04847
5/7/2021 0:00,79.04847
5/8/2021 0:00,79.04847
5/9/2021 0:00,79.04847
5/10/2021 0:00,79.04847
5/11/2021 0:00,79.04847
5/12/2021 0:00,79.04847
5/13/2021 0:00,79.04847
5/14/2021 0:00,79.04847
5/15/2021 0:00,79.04847
5/16/2021 0:00,79.04847
5/17/2021 0:00,79.04847
5/18/2021 0:00,79.04847
5/19/2021 0:00,79.04847
5/20/2021 0:00,79.04847
5/21/2021 0:00,79.04847
5/22/2021 0:00,79.04847
5/23/2021 0:00,79.04847
5/24/2021 0:00,79.04847
5/25/2021 0:00,79.04847
5/26/2021 0:00,79.04847
5/27/2021 0:00,79.04847
5/28/2021 0:00,79.04847
5/29/2021 0:00,79.04847
5/30/2021 0:00,79.04847
5/31/2021 0:00,79.04847
6/1/2021 0:00,78.93866
6/2/2021 0:00,78.93866
6/3/2021 0:00,78.93866
6/4/2021 0:00,78.93866
6/5/2021 0:00,78.93866
6/6/2021 0:00,78.93866
6/7/2021 0:00,78.93866
6/8/2021 0:00,78.93866
6/9/2021 0:00,78.93866
6/10/2021 0:00,78.93866
6/11/2021 0:00,78.93866
6/12/2021 0:00,78.93866
6/13/2021 0:00,78.93866
6/14/2021 0:00,78.93866
6/15/2021 0:00,78.93866
6/16/2021 0:00,78.93866
6/17/2021 0:00,78.93866
6/18/2021 0:00,78.93866
6/19/2021 0:00,78.93866
6/20/2021 0:00,78.93866
6/21/2021 0:00,78.93866
6/22/2021 0:00,78.93866
6/23/2021 0:00,78.93866
6/24/2021 0:00,78.93866
6/25/2021 0:00,78.93866
6/26/2021 0:00,78.93866
6/27/2021 0:00,78.93866
6/28/2021 0:00,78.93866
6/29/2021 0:00,78.93866
6/30/2021 0:00,78.93866
7/1/2021 0:00,78.82884
7/2/2021 0:00,78.82884
7/3/2021 0:00,78.82884
7/4/2021 0:00,78.82884
7/5/2021 0:00,78.82884
7/6/2021 0:00,78.82884
7/7/2021 0:00,78.82884
7/8/2021 0:00,78.82884
7/9/2021 0:00,78.82884
7/10/2021 0:00,78.82884
7/11/2021 0:00,78.82884
7/12/2021 0:00,78.82884
7/13/2021 0:00,78.82884
7/14/2021 0:00,78.82884
7/15/2021 0:00,78.82884
7/16/2021 0:00,78.82884
7/17/2021 0:00,78.82884
7/18/2021 0:00,78.82884
7/19/2021 0:00,78.82884
7/20/2021 0:00,78.82884
7/21/2021 0:00,78.82884
7/22/2021 0:00,78.82884
7/23/2021 0:00,78.82884
7/24/2021 0:00,78.82884
7/25/2021 0:00,78.82884
7/26/2021 0:00,78.82884
7/27/2021 0:00,78.82884
7/28/2021 0:00,78.82884
7/29/2021 0:00,78.82884
7/30/2021 0:00,78.82884
7/31/2021 0:00,78.82884
8/1/2021 0:00,78.74319
8/2/2021 0:00,78.74319
8/3/2021 0:00,78.74319
8/4/2021 0:00,78.74319
8/5/2021 0:00,78.74319
8/6/2021 0:00,78.74319
8/7/2021 0:00,78.74319
8/8/2021 0:00,78.74319
8/9/2021 0:00,78.74319
8/10/2021 0:00,78.74319
8/11/2021 0:00,78.74319
8/12/2021 0:00,78.74319
8/13/2021 0:00,78.74319
8/14/2021 0:00,78.74319
8/15/2021 0:00,78.74319
8/16/2021 0:00,78.74319
8/17/2021 0:00,78.74319
8/18/2021 0:00,78.74319
8/19/2021 0:00,78.74319
8/20/2021 0:00,78.74319
8/21/2021 0:00,78.74319
8/22/2021 0:00,78.74319
8/23/2021 0:00,78.74319
8/24/2021 0:00,78.74319
8/25/2021 0:00,78.74319
8/26/2021 0:00,78.74319
8/27/2021 0:00,78.74319
8/28/2021 0:00,78.74319
8/29/2021 0:00,78.74319
8/30/2021 0:00,78.74319
8/31/2021 0:00,78.74319
9/1/2021 0:00,78.65754
9/2/2021 0:00,78.65754
9/3/2021 0:00,78.65754
9/4/2021 0:00,78.65754
9/5/2021 0:00,78.65754
9/6/2021 0:00,78.65754
9/7/2021 0:00,78.65754
9/8/2021 0:00,78.65754
9/9/2021 0:00,78.65754
9/10/2021 0:00,78.65754
9/11/2021 0:00,78.65754
9/12/2021 0:00,78.65754
9/13/2021 0:00,78.65754
9/14/2021 0:00,78.65754
9/15/2021 0:00,78.65754
9/16/2021 0:00,78.65754
9/17/2021 0:00,78.65754
9/18/2021 0:00,78.65754
9/19/2021 0:00,78.65754
9/20/2021 0:00,78.65754
9/21/2021 0:00,78.65754
9/22/2021 0:00,78.65754
9/23/2021 0:00,78.65754
9/24/2021 0:00,78.65754
9/25/2021 0:00,78.65754
9/26/2021 0:00,78.65754
9/27/2021 0:00,78.65754
9/28/2021 0:00,78.65754
9/29/2021 0:00,78.65754
9/30/2021 0:00,78.65754
10/1/2021 0:00,78.5719
10/2/2021 0:00,78.5719
10/3/2021 0:00,78.5719
10/4/2021 0:00,78.5719
10/5/2021 0:00,78.5719
10/6/2021 0:00,78.5719
10/7/2021 0:00,78.5719
10/8/2021 0:00,78.5719
10/9/2021 0:00,78.5719
10/10/2021 0:00,78.5719
10/11/2021 0:00,78.5719
10/12/2021 0:00,78.5719
10/13/2021 0:00,78.5719
10/14/2021 0:00,78.5719
10/15/2021 0:00,78.5719
10/16/2021 0:00,78.5719
10/17/2021 0:00,78.5719
10/18/2021 0:00,78.5719
10/19/2021 0:00,78.5719
10/20/2021 0:00,78.5719
10/21/2021 0:00,78.5719
10/22/2021 0:00,78.5719
10/23/2021 0:00,78.5719
10/24/2021 0:00,78.5719
10/25/2021 0:00,78.5719
10/26/2021 0:00,78.5719
10/27/2021 0:00,78.5719
10/28/2021 0:00,78.5719
10/29/2021 0:00,78.5719
10/30/2021 0:00,78.5719
10/31/2021 0:00,78.5719
11/1/2021 0:00,78.48625
11/2/2021 0:00,78.48625
11/3/2021 0:00,78.48625
11/4/2021 0:00,78.48625
11/5/2021 0:00,78.48625
11/6/2021 0:00,78.48625
11/7/2021 0:00,78.48625
11/8/2021 0:00,78.48625
11/9/2021 0:00,78.48625
11/10/2021 0:00,78.48625
11/11/2021 0:00,78.48625
11/12/2021 0:00,78.48625
11/13/2021 0:00,78.48625
11/14/2021 0:00,78.48625
11/15/2021 0:00,78.48625
11/16/2021 0:00,78.48625
11/17/2021 0:00,78.48625
11/18/2021 0:00,78.48625
11/19/2021 0:00,78.48625
11/20/2021 0:00,78.48625
11/21/2021 0:00,78.48625
11/22/2021 0:00,78.48625
11/23/2021 0:00,78.48625
11/24/2021 0:00,78.48625
11/25/2021 0:00,78.48625
11/26/2021 0:00,78.48625
11/27/2021 0:00,78.48625
11/28/2021 0:00,78.48625
11/29/2021 0:00,78.48625
11/30/2021 0:00,78.48625
12/1/2021 0:00,78.4006
12/2/2021 0:00,78.4006
12/3/2021 0:00,78.4006
12/4/2021 0:00,78.4006
12/5/2021 0:00,78.4006
12/6/2021 0:00,78.4006
12/7/2021 0:00,78.4006
12/8/2021 0:00,78.4006
12/9/2021 0:00,78.4006
12/10/2021 0:00,78.4006
12/11/2021 0:00,78.4006
12/12/2021 0:00,78.4006
12/13/2021 0:00,78.4006
12/14/2021 0:00,78.4006
12/15/2021 0:00,78.4006
12/16/2021 0:00,78.4006
12/17/2021 0:00,78.4006
12/18/2021 0:00,78.4006
12/19/2021 0:00,78.4006
12/20/2021 0:00,78.4006
12/21/2021 0:00,78.4006
12/22/2021 0:00,78.4006
12/23/2021 0:00,78.4006
12/24/2021 0:00,78.4006
12/25/2021 0:00,78.4006
12/26/2021 0:00,78.4006
12/27/2021 0:00,78.4006
12/28/2021 0:00,78.4006
12/29/2021 0:00,78.4006
12/30/2021 0:00,78.4006
12/31/2021 0:00,78.4006
1/1/2022 0:00,78.277
1/2/2022 0:00,78.277
1/3/2022 0:00,78.277
1/4/2022 0:00,78.277
1/5/2022 0:00,78.277
1/6/2022 0:00,78.277
1/7/2022 0:00,78.277
1/8/2022 0:00,78.277
1/9/2022 0:00,78.277
1/10/2022 0:00,78.277
1/11/2022 0:00,78.277
1/12/2022 0:00,78.277
1/13/2022 0:00,78.277
1/14/2022 0:00,78.277
1/15/2022 0:00,78.277
1/16/2022 0:00,78.277
1/17/2022 0:00,78.277
1/18/2022 0:00,78.277
1/19/2022 0:00,78.277
1/20/2022 0:00,78.277
1/21/2022 0:00,78.277
1/22/2022 0:00,78.277
1/23/2022 0:00,78.277
1/24/2022 0:00,78.277
1/25/2022 0:00,78.277
1/26/2022 0:00,78.277
1/27/2022 0:00,78.277
1/28/2022 0:00,78.277
1/29/2022 0:00,78.277
1/30/2022 0:00,78.277
1/31/2022 0:00,78.277
2/1/2022 0:00,78.19142
2/2/2022 0:00,78.19142
2/3/2022 0:00,78.19142
2/4/2022 0:00,78.19142
2/5/2022 0:00,78.19142
2/6/2022 0:00,78.19142
2/7/2022 0:00,78.19142
2/8/2022 0:00,78.19142
2/9/2022 0:00,78.19142
2/10/2022 0:00,78.19142
2/11/2022 0:00,78.19142
2/12/2022 0:00,78.19142
2/13/2022 0:00,78.19142
2/14/2022 0:00,78.19142
2/15/2022 0:00,78.19142
2/16/2022 0:00,78.19142
2/17/2022 0:00,78.19142
2/18/2022 0:00,78.19142
2/19/2022 0:00,78.19142
2/20/2022 0:00,78.19142
2/21/2022 0:00,78.19142
2/22/2022 0:00,78.19142
2/23/2022 0:00,78.19142
2/24/2022 0:00,78.19142
2/25/2022 0:00,78.19142
2/26/2022 0:00,78.19142
2/27/2022 0:00,78.19142
2/28/2022 0:00,78.19142
3/1/2022 0:00,78.10585
3/2/2022 0:00,78.10585
3/3/2022 0:00,78.10585
3/4/2022 0:00,78.10585
3/5/2022 0:00,78.10585
3/6/2022 0:00,78.10585
3/7/2022 0:00,78.10585
3/8/2022 0:00,78.10585
3/9/2022 0:00,78.10585
3/10/2022 0:00,78.10585
3/11/2022 0:00,78.10585
3/12/2022 0:00,78.10585
3/13/2022 0:00,78.10585
3/14/2022 0:00,78.10585
3/15/2022 0:00,78.10585
3/16/2022 0:00,78.10585
3/17/2022 0:00,78.10585
3/18/2022 0:00,78.10585
3/19/2022 0:00,78.10585
3/20/2022 0:00,78.10585
3/21/2022 0:00,78.10585
3/22/2022 0:00,78.10585
3/23/2022 0:00,78.10585
3/24/2022 0:00,78.10585
3/25/2022 0:00,78.10585
3/26/2022 0:00,78.10585
3/27/2022 0:00,78.10585
3/28/2022 0:00,78.10585
3/29/2022 0:00,78.10585
3/30/2022 0:00,78.10585
3/31/2022 0:00,78.10585
4/1/2022 0:00,78.02027
4/2/2022 0:00,78.02027
4/3/2022 0:00,78.02027
4/4/2022 0:00,78.02027
4/5/2022 0:00,78.02027
4/6/2022 0:00,78.02027
4/7/2022 0:00,78.02027
4/8/2022 0:00,78.02027
4/9/2022 0:00,78.02027
4/10/2022 0:00,78.02027
4/11/2022 0:00,78.02027
4/12/2022 0:00,78.02027
4/13/2022 0:00,78.02027
4/14/2022 0:00,78.02027
4/15/2022 0:00,78.02027
4/16/2022 0:00,78.02027
4/17/2022 0:00,78.02027
4/18/2022 0:00,78.02027
4/19/2022 0:00,78.02027
4/20/2022 0:00,78.02027
4/21/2022 0:00,78.02027
4/22/2022 0:00,78.02027
4/23/2022 0:00,78.02027
4/24/2022 0:00,78.02027
4/25/2022 0:00,78.02027
4/26/2022 0:00,78.02027
4/27/2022 0:00,78.02027
4/28/2022 0:00,78.02027
4/29/2022 0:00,78.02027
4/30/2022 0:00,78.02027
5/1/2022 0:00,77.93469
5/2/2022 0:00,77.93469
5/3/2022 0:00,77.93469
5/4/2022 0:00,77.93469
5/5/2022 0:00,77.93469
5/6/2022 0:00,77.93469
5/7/2022 0:00,77.93469
5/8/2022 0:00,77.93469
5/9/2022 0:00,77.93469
5/10/2022 0:00,77.93469
5/11/2022 0:00,77.93469
5/12/2022 0:00,77.93469
5/13/2022 0:00,77.93469
5/14/2022 0:00,77.93469
5/15/2022 0:00,77.93469
5/16/2022 0:00,77.93469
5/17/2022 0:00,77.93469
5/18/2022 0:00,77.93469
5/19/2022 0:00,77.93469
5/20/2022 0:00,77.93469
5/21/2022 0:00,77.93469
5/22/2022 0:00,77.93469
5/23/2022 0:00,77.93469
5/24/2022 0:00,77.93469
5/25/2022 0:00,77.93469
5/26/2022 0:00,77.93469
5/27/2022 0:00,77.93469
5/28/2022 0:00,77.93469
5/29/2022 0:00,77.93469
5/30/2022 0:00,77.93469
5/31/2022 0:00,77.93469
6/1/2022 0:00,77.84912
6/2/2022 0:00,77.84912
6/3/2022 0:00,77.84912
6/4/2022 0:00,77.84912
6/5/2022 0:00,77.84912
6/6/2022 0:00,77.84912
6/7/2022 0:00,77.84912
6/8/2022 0:00,77.84912
6/9/2022 0:00,77.84912
6/10/2022 0:00,77.84912
6/11/2022 0:00,77.84912
6/12/2022 0:00,77.84912
6/13/2022 0:00,77.84912
6/14/2022 0:00,77.84912
6/15/2022 0:00,77.84912
6/16/2022 0:00,77.84912
6/17/2022 0:00,77.84912
6/18/2022 0:00,77.84912
6/19/2022 0:00,77.84912
6/20/2022 0:00,77.84912
6/21/2022 0:00,77.84912
6/22/2022 0:00,77.84912
6/23/2022 0:00,77.84912
6/24/2022 0:00,77.84912
6/25/2022 0:00,77.84912
6/26/2022 0:00,77.84912
6/27/2022 0:00,77.84912
6/28/2022 0:00,77.84912
6/29/2022 0:00,77.84912
6/30/2022 0:00,77.84912
7/1/2022 0:00,77.76354
7/2/2022 0:00,77.76354
7/3/2022 0:00,77.76354
7/4/2022 0:00,77.76354
7/5/2022 0:00,77.76354
7/6/2022 0:00,77.76354
7/7/2022 0:00,77.76354
7/8/2022 0:00,77.76354
7/9/2022 0:00,77.76354
7/10/2022 0:00,77.76354
7/11/2022 0:00,77.76354
7/12/2022 0:00,77.76354
7/13/2022 0:00,77.76354
7/14/2022 0:00,77.76354
7/15/2022 0:00,77.76354
7/16/2022 0:00,77.76354
7/17/2022 0:00,77.76354
7/18/2022 0:00,77.76354
7/19/2022 0:00,77.76354
7/20/2022 0:00,77.76354
7/21/2022 0:00,77.76354
7/22/2022 0:00,77.76354
7/23/2022 0:00,77.76354
7/24/2022 0:00,77.76354
7/25/2022 0:00,77.76354
7/26/2022 0:00,77.76354
7/27/2022 0:00,77.76354
7/28/2022 0:00,77.76354
7/29/2022 0:00,77.76354
7/30/2022 0:00,77.76354
7/31/2022 0:00,77.76354
8/1/2022 0:00,77.76354
8/2/2022 0:00,77.76354
8/3/2022 0:00,77.76354
8/4/2022 0:00,77.76354
8/5/2022 0:00,77.76354
8/6/2022 0:00,77.76354
8/7/2022 0:00,77.76354
8/8/2022 0:00,77.76354
8/9/2022 0:00,77.76354
8/10/2022 0:00,77.76354
8/11/2022 0:00,77.76354
8/12/2022 0:00,77.76354
8/13/2022 0:00,77.76354
8/14/2022 0:00,77.76354
8/15/2022 0:00,77.76354
8/16/2022 0:00,77.76354
8/17/2022 0:00,77.76354
8/18/2022 0:00,77.76354
8/19/2022 0:00,77.76354
8/20/2022 0:00,77.76354
8/21/2022 0:00,77.76354
8/22/2022 0:00,77.76354
8/23/2022 0:00,77.76354
8/24/2022 0:00,77.76354
8/25/2022 0:00,77.76354
8/26/2022 0:00,77.76354
8/27/2022 0:00,77.76354
8/28/2022 0:00,77.76354
8/29/2022 0:00,77.76354
8/30/2022 0:00,77.76354
8/31/2022 0:00,77.76354
9/1/2022 0:00,77.76354
9/2/2022 0:00,77.76354
9/3/2022 0:00,77.76354
9/4/2022 0:00,77.76354
9/5/2022 0:00,77.76354
9/6/2022 0:00,77.76354
9/7/2022 0:00,77.76354
9/8/2022 0:00,77.76354
9/9/2022 0:00,77.76354
9/10/2022 0:00,77.76354
9/11/2022 0:00,77.76354
9/12/2022 0:00,77.76354
9/13/2022 0:00,77.76354
9/14/2022 0:00,77.76354
9/15/2022 0:00,77.76354
9/16/2022 0:00,77.76354
9/17/2022 0:00,77.76354
9/18/2022 0:00,77.76354
9/19/2022 0:00,77.76354
9/20/2022 0:00,77.76354
9/21/2022 0:00,77.76354
9/22/2022 0:00,77.76354
9/23/2022 0:00,77.76354
9/24/2022 0:00,77.76354
9/25/2022 0:00,77.76354
9/26/2022 0:00,77.76354
9/27/2022 0:00,77.76354
9/28/2022 0:00,77.76354
9/29/2022 0:00,77.76354
9/30/2022 0:00,77.76354
10/1/2022 0:00,77.76354
10/2/2022 0:00,77.76354
10/3/2022 0:00,77.76354
10/4/2022 0:00,77.76354
10/5/2022 0:00,77.76354
10/6/2022 0:00,77.76354
10/7/2022 0:00,77.76354
10/8/2022 0:00,77.76354
10/9/2022 0:00,77.76354
10/10/2022 0:00,77.76354
10/11/2022 0:00,77.76354
10/12/2022 0:00,77.76354
10/13/2022 0:00,77.76354
10/14/2022 0:00,77.76354
10/15/2022 0:00,77.76354
10/16/2022 0:00,77.76354
10/17/2022 0:00,77.76354
10/18/2022 0:00,77.76354
10/19/2022 0:00,77.76354
10/20/2022 0:00,77.76354
10/21/2022 0:00,77.76354
10/22/2022 0:00,77.76354
10/23/2022 0:00,77.76354
10/24/2022 0:00,77.76354
10/25/2022 0:00,77.76354
10/26/2022 0:00,77.76354
10/27/2022 0:00,77.76354
10/28/2022 0:00,77.76354
10/29/2022 0:00,77.76354
10/30/2022 0:00,77.76354
10/31/2022 0:00,77.76354
11/1/2022 0:00,77.76354
11/2/2022 0:00,77.76354
11/3/2022 0:00,77.76354
11/4/2022 0:00,77.76354
11/5/2022 0:00,77.76354
11/6/2022 0:00,77.76354
11/7/2022 0:00,77.76354
11/8/2022 0:00,77.76354
11/9/2022 0:00,77.76354
11/10/2022 0:00,77.76354
11/11/2022 0:00,77.76354
11/12/2022 0:00,77.76354
11/13/2022 0:00,77.76354
11/14/2022 0:00,77.76354
11/15/2022 0:00,77.76354
11/16/2022 0:00,77.76354
11/17/2022 0:00,77.76354
11/18/2022 0:00,77.76354
11/19/2022 0:00,77.76354
11/20/2022 0:00,77.76354
11/21/2022 0:00,77.76354
11/22/2022 0:00,77.76354
11/23/2022 0:00,77.76354
11/24/2022 0:00,77.76354
11/25/2022 0:00,77.76354
11/26/2022 0:00,77.76354
11/27/2022 0:00,77.76354
11/28/2022 0:00,77.76354
11/29/2022 0:00,77.76354
11/30/2022 0:00,77.76354
12/1/2022 0:00,77.76354
12/2/2022 0:00,77.76354
12/3/2022 0:00,77.76354
12/4/2022 0:00,77.76354
12/5/2022 0:00,77.76354
12/6/2022 0:00,77.76354
12/7/2022 0:00,77.76354
12/8/2022 0:00,77.76354
12/9/2022 0:00,77.76354
12/10/2022 0:00,77.76354
12/11/2022 0:00,77.76354
12/12/2022 0:00,77.76354
12/13/2022 0:00,77.76354
12/14/2022 0:00,77.76354
12/15/2022 0:00,77.76354
12/16/2022 0:00,77.76354
12/17/2022 0:00,77.76354
12/18/2022 0:00,77.76354
12/19/2022 0:00,77.76354
12/20/2022 0:00,77.76354
12/21/2022 0:00,77.76354
12/22/2022 0:00,77.76354
12/23/2022 0:00,77.76354
12/24/2022 0:00,77.76354
12/25/2022 0:00,77.76354
12/26/2022 0:00,77.76354
12/27/2022 0:00,77.76354
12/28/2022 0:00,77.76354
12/29/2022 0:00,77.76354
12/30/2022 0:00,77.76354
12/31/2022 0:00,77.76354
