DateKey,DateAltKey,CalendarYear,CalendarQuarter,MonthOfYear,MonthName,DayOfMonth,DayOfWeek,DayName,FiscalYear,FiscalQuarter
20050101,2005-01-01 00:00:00.000,2005,1,1,January,1,7,Saturday,2005,3
20050102,2005-01-02 00:00:00.000,2005,1,1,January,2,1,Sunday,2005,3
20050103,2005-01-03 00:00:00.000,2005,1,1,January,3,2,Monday,2005,3
20050104,2005-01-04 00:00:00.000,2005,1,1,January,4,3,Tuesday,2005,3
20050105,2005-01-05 00:00:00.000,2005,1,1,January,5,4,Wednesday,2005,3
20050106,2005-01-06 00:00:00.000,2005,1,1,January,6,5,Thursday,2005,3
20050107,2005-01-07 00:00:00.000,2005,1,1,January,7,6,Friday,2005,3
20050108,2005-01-08 00:00:00.000,2005,1,1,January,8,7,Saturday,2005,3
20050109,2005-01-09 00:00:00.000,2005,1,1,January,9,1,Sunday,2005,3
20050110,2005-01-10 00:00:00.000,2005,1,1,January,10,2,Monday,2005,3
20050111,2005-01-11 00:00:00.000,2005,1,1,January,11,3,Tuesday,2005,3
20050112,2005-01-12 00:00:00.000,2005,1,1,January,12,4,Wednesday,2005,3
20050113,2005-01-13 00:00:00.000,2005,1,1,January,13,5,Thursday,2005,3
20050114,2005-01-14 00:00:00.000,2005,1,1,January,14,6,Friday,2005,3
20050115,2005-01-15 00:00:00.000,2005,1,1,January,15,7,Saturday,2005,3
20050116,2005-01-16 00:00:00.000,2005,1,1,January,16,1,Sunday,2005,3
20050117,2005-01-17 00:00:00.000,2005,1,1,January,17,2,Monday,2005,3
20050118,2005-01-18 00:00:00.000,2005,1,1,January,18,3,Tuesday,2005,3
20050119,2005-01-19 00:00:00.000,2005,1,1,January,19,4,Wednesday,2005,3
20050120,2005-01-20 00:00:00.000,2005,1,1,January,20,5,Thursday,2005,3
20050121,2005-01-21 00:00:00.000,2005,1,1,January,21,6,Friday,2005,3
20050122,2005-01-22 00:00:00.000,2005,1,1,January,22,7,Saturday,2005,3
20050123,2005-01-23 00:00:00.000,2005,1,1,January,23,1,Sunday,2005,3
20050124,2005-01-24 00:00:00.000,2005,1,1,January,24,2,Monday,2005,3
20050125,2005-01-25 00:00:00.000,2005,1,1,January,25,3,Tuesday,2005,3
20050126,2005-01-26 00:00:00.000,2005,1,1,January,26,4,Wednesday,2005,3
20050127,2005-01-27 00:00:00.000,2005,1,1,January,27,5,Thursday,2005,3
20050128,2005-01-28 00:00:00.000,2005,1,1,January,28,6,Friday,2005,3
20050129,2005-01-29 00:00:00.000,2005,1,1,January,29,7,Saturday,2005,3
20050130,2005-01-30 00:00:00.000,2005,1,1,January,30,1,Sunday,2005,3
20050131,2005-01-31 00:00:00.000,2005,1,1,January,31,2,Monday,2005,3
20050201,2005-02-01 00:00:00.000,2005,1,2,February,1,3,Tuesday,2005,3
20050202,2005-02-02 00:00:00.000,2005,1,2,February,2,4,Wednesday,2005,3
20050203,2005-02-03 00:00:00.000,2005,1,2,February,3,5,Thursday,2005,3
20050204,2005-02-04 00:00:00.000,2005,1,2,February,4,6,Friday,2005,3
20050205,2005-02-05 00:00:00.000,2005,1,2,February,5,7,Saturday,2005,3
20050206,2005-02-06 00:00:00.000,2005,1,2,February,6,1,Sunday,2005,3
20050207,2005-02-07 00:00:00.000,2005,1,2,February,7,2,Monday,2005,3
20050208,2005-02-08 00:00:00.000,2005,1,2,February,8,3,Tuesday,2005,3
20050209,2005-02-09 00:00:00.000,2005,1,2,February,9,4,Wednesday,2005,3
20050210,2005-02-10 00:00:00.000,2005,1,2,February,10,5,Thursday,2005,3
20050211,2005-02-11 00:00:00.000,2005,1,2,February,11,6,Friday,2005,3
20050212,2005-02-12 00:00:00.000,2005,1,2,February,12,7,Saturday,2005,3
20050213,2005-02-13 00:00:00.000,2005,1,2,February,13,1,Sunday,2005,3
20050214,2005-02-14 00:00:00.000,2005,1,2,February,14,2,Monday,2005,3
20050215,2005-02-15 00:00:00.000,2005,1,2,February,15,3,Tuesday,2005,3
20050216,2005-02-16 00:00:00.000,2005,1,2,February,16,4,Wednesday,2005,3
20050217,2005-02-17 00:00:00.000,2005,1,2,February,17,5,Thursday,2005,3
20050218,2005-02-18 00:00:00.000,2005,1,2,February,18,6,Friday,2005,3
20050219,2005-02-19 00:00:00.000,2005,1,2,February,19,7,Saturday,2005,3
20050220,2005-02-20 00:00:00.000,2005,1,2,February,20,1,Sunday,2005,3
20050221,2005-02-21 00:00:00.000,2005,1,2,February,21,2,Monday,2005,3
20050222,2005-02-22 00:00:00.000,2005,1,2,February,22,3,Tuesday,2005,3
20050223,2005-02-23 00:00:00.000,2005,1,2,February,23,4,Wednesday,2005,3
20050224,2005-02-24 00:00:00.000,2005,1,2,February,24,5,Thursday,2005,3
20050225,2005-02-25 00:00:00.000,2005,1,2,February,25,6,Friday,2005,3
20050226,2005-02-26 00:00:00.000,2005,1,2,February,26,7,Saturday,2005,3
20050227,2005-02-27 00:00:00.000,2005,1,2,February,27,1,Sunday,2005,3
20050228,2005-02-28 00:00:00.000,2005,1,2,February,28,2,Monday,2005,3
20050301,2005-03-01 00:00:00.000,2005,1,3,March,1,3,Tuesday,2005,3
20050302,2005-03-02 00:00:00.000,2005,1,3,March,2,4,Wednesday,2005,3
20050303,2005-03-03 00:00:00.000,2005,1,3,March,3,5,Thursday,2005,3
20050304,2005-03-04 00:00:00.000,2005,1,3,March,4,6,Friday,2005,3
20050305,2005-03-05 00:00:00.000,2005,1,3,March,5,7,Saturday,2005,3
20050306,2005-03-06 00:00:00.000,2005,1,3,March,6,1,Sunday,2005,3
20050307,2005-03-07 00:00:00.000,2005,1,3,March,7,2,Monday,2005,3
20050308,2005-03-08 00:00:00.000,2005,1,3,March,8,3,Tuesday,2005,3
20050309,2005-03-09 00:00:00.000,2005,1,3,March,9,4,Wednesday,2005,3
20050310,2005-03-10 00:00:00.000,2005,1,3,March,10,5,Thursday,2005,3
20050311,2005-03-11 00:00:00.000,2005,1,3,March,11,6,Friday,2005,3
20050312,2005-03-12 00:00:00.000,2005,1,3,March,12,7,Saturday,2005,3
20050313,2005-03-13 00:00:00.000,2005,1,3,March,13,1,Sunday,2005,3
20050314,2005-03-14 00:00:00.000,2005,1,3,March,14,2,Monday,2005,3
20050315,2005-03-15 00:00:00.000,2005,1,3,March,15,3,Tuesday,2005,3
20050316,2005-03-16 00:00:00.000,2005,1,3,March,16,4,Wednesday,2005,3
20050317,2005-03-17 00:00:00.000,2005,1,3,March,17,5,Thursday,2005,3
20050318,2005-03-18 00:00:00.000,2005,1,3,March,18,6,Friday,2005,3
20050319,2005-03-19 00:00:00.000,2005,1,3,March,19,7,Saturday,2005,3
20050320,2005-03-20 00:00:00.000,2005,1,3,March,20,1,Sunday,2005,3
20050321,2005-03-21 00:00:00.000,2005,1,3,March,21,2,Monday,2005,3
20050322,2005-03-22 00:00:00.000,2005,1,3,March,22,3,Tuesday,2005,3
20050323,2005-03-23 00:00:00.000,2005,1,3,March,23,4,Wednesday,2005,3
20050324,2005-03-24 00:00:00.000,2005,1,3,March,24,5,Thursday,2005,3
20050325,2005-03-25 00:00:00.000,2005,1,3,March,25,6,Friday,2005,3
20050326,2005-03-26 00:00:00.000,2005,1,3,March,26,7,Saturday,2005,3
20050327,2005-03-27 00:00:00.000,2005,1,3,March,27,1,Sunday,2005,3
20050328,2005-03-28 00:00:00.000,2005,1,3,March,28,2,Monday,2005,3
20050329,2005-03-29 00:00:00.000,2005,1,3,March,29,3,Tuesday,2005,3
20050330,2005-03-30 00:00:00.000,2005,1,3,March,30,4,Wednesday,2005,3
20050331,2005-03-31 00:00:00.000,2005,1,3,March,31,5,Thursday,2005,3
20050401,2005-04-01 00:00:00.000,2005,2,4,April,1,6,Friday,2005,4
20050402,2005-04-02 00:00:00.000,2005,2,4,April,2,7,Saturday,2005,4
20050403,2005-04-03 00:00:00.000,2005,2,4,April,3,1,Sunday,2005,4
20050404,2005-04-04 00:00:00.000,2005,2,4,April,4,2,Monday,2005,4
20050405,2005-04-05 00:00:00.000,2005,2,4,April,5,3,Tuesday,2005,4
20050406,2005-04-06 00:00:00.000,2005,2,4,April,6,4,Wednesday,2005,4
20050407,2005-04-07 00:00:00.000,2005,2,4,April,7,5,Thursday,2005,4
20050408,2005-04-08 00:00:00.000,2005,2,4,April,8,6,Friday,2005,4
20050409,2005-04-09 00:00:00.000,2005,2,4,April,9,7,Saturday,2005,4
20050410,2005-04-10 00:00:00.000,2005,2,4,April,10,1,Sunday,2005,4
20050411,2005-04-11 00:00:00.000,2005,2,4,April,11,2,Monday,2005,4
20050412,2005-04-12 00:00:00.000,2005,2,4,April,12,3,Tuesday,2005,4
20050413,2005-04-13 00:00:00.000,2005,2,4,April,13,4,Wednesday,2005,4
20050414,2005-04-14 00:00:00.000,2005,2,4,April,14,5,Thursday,2005,4
20050415,2005-04-15 00:00:00.000,2005,2,4,April,15,6,Friday,2005,4
20050416,2005-04-16 00:00:00.000,2005,2,4,April,16,7,Saturday,2005,4
20050417,2005-04-17 00:00:00.000,2005,2,4,April,17,1,Sunday,2005,4
20050418,2005-04-18 00:00:00.000,2005,2,4,April,18,2,Monday,2005,4
20050419,2005-04-19 00:00:00.000,2005,2,4,April,19,3,Tuesday,2005,4
20050420,2005-04-20 00:00:00.000,2005,2,4,April,20,4,Wednesday,2005,4
20050421,2005-04-21 00:00:00.000,2005,2,4,April,21,5,Thursday,2005,4
20050422,2005-04-22 00:00:00.000,2005,2,4,April,22,6,Friday,2005,4
20050423,2005-04-23 00:00:00.000,2005,2,4,April,23,7,Saturday,2005,4
20050424,2005-04-24 00:00:00.000,2005,2,4,April,24,1,Sunday,2005,4
20050425,2005-04-25 00:00:00.000,2005,2,4,April,25,2,Monday,2005,4
20050426,2005-04-26 00:00:00.000,2005,2,4,April,26,3,Tuesday,2005,4
20050427,2005-04-27 00:00:00.000,2005,2,4,April,27,4,Wednesday,2005,4
20050428,2005-04-28 00:00:00.000,2005,2,4,April,28,5,Thursday,2005,4
20050429,2005-04-29 00:00:00.000,2005,2,4,April,29,6,Friday,2005,4
20050430,2005-04-30 00:00:00.000,2005,2,4,April,30,7,Saturday,2005,4
20050501,2005-05-01 00:00:00.000,2005,2,5,May,1,1,Sunday,2005,4
20050502,2005-05-02 00:00:00.000,2005,2,5,May,2,2,Monday,2005,4
20050503,2005-05-03 00:00:00.000,2005,2,5,May,3,3,Tuesday,2005,4
20050504,2005-05-04 00:00:00.000,2005,2,5,May,4,4,Wednesday,2005,4
20050505,2005-05-05 00:00:00.000,2005,2,5,May,5,5,Thursday,2005,4
20050506,2005-05-06 00:00:00.000,2005,2,5,May,6,6,Friday,2005,4
20050507,2005-05-07 00:00:00.000,2005,2,5,May,7,7,Saturday,2005,4
20050508,2005-05-08 00:00:00.000,2005,2,5,May,8,1,Sunday,2005,4
20050509,2005-05-09 00:00:00.000,2005,2,5,May,9,2,Monday,2005,4
20050510,2005-05-10 00:00:00.000,2005,2,5,May,10,3,Tuesday,2005,4
20050511,2005-05-11 00:00:00.000,2005,2,5,May,11,4,Wednesday,2005,4
20050512,2005-05-12 00:00:00.000,2005,2,5,May,12,5,Thursday,2005,4
20050513,2005-05-13 00:00:00.000,2005,2,5,May,13,6,Friday,2005,4
20050514,2005-05-14 00:00:00.000,2005,2,5,May,14,7,Saturday,2005,4
20050515,2005-05-15 00:00:00.000,2005,2,5,May,15,1,Sunday,2005,4
20050516,2005-05-16 00:00:00.000,2005,2,5,May,16,2,Monday,2005,4
20050517,2005-05-17 00:00:00.000,2005,2,5,May,17,3,Tuesday,2005,4
20050518,2005-05-18 00:00:00.000,2005,2,5,May,18,4,Wednesday,2005,4
20050519,2005-05-19 00:00:00.000,2005,2,5,May,19,5,Thursday,2005,4
20050520,2005-05-20 00:00:00.000,2005,2,5,May,20,6,Friday,2005,4
20050521,2005-05-21 00:00:00.000,2005,2,5,May,21,7,Saturday,2005,4
20050522,2005-05-22 00:00:00.000,2005,2,5,May,22,1,Sunday,2005,4
20050523,2005-05-23 00:00:00.000,2005,2,5,May,23,2,Monday,2005,4
20050524,2005-05-24 00:00:00.000,2005,2,5,May,24,3,Tuesday,2005,4
20050525,2005-05-25 00:00:00.000,2005,2,5,May,25,4,Wednesday,2005,4
20050526,2005-05-26 00:00:00.000,2005,2,5,May,26,5,Thursday,2005,4
20050527,2005-05-27 00:00:00.000,2005,2,5,May,27,6,Friday,2005,4
20050528,2005-05-28 00:00:00.000,2005,2,5,May,28,7,Saturday,2005,4
20050529,2005-05-29 00:00:00.000,2005,2,5,May,29,1,Sunday,2005,4
20050530,2005-05-30 00:00:00.000,2005,2,5,May,30,2,Monday,2005,4
20050531,2005-05-31 00:00:00.000,2005,2,5,May,31,3,Tuesday,2005,4
20050601,2005-06-01 00:00:00.000,2005,2,6,June,1,4,Wednesday,2005,4
20050602,2005-06-02 00:00:00.000,2005,2,6,June,2,5,Thursday,2005,4
20050603,2005-06-03 00:00:00.000,2005,2,6,June,3,6,Friday,2005,4
20050604,2005-06-04 00:00:00.000,2005,2,6,June,4,7,Saturday,2005,4
20050605,2005-06-05 00:00:00.000,2005,2,6,June,5,1,Sunday,2005,4
20050606,2005-06-06 00:00:00.000,2005,2,6,June,6,2,Monday,2005,4
20050607,2005-06-07 00:00:00.000,2005,2,6,June,7,3,Tuesday,2005,4
20050608,2005-06-08 00:00:00.000,2005,2,6,June,8,4,Wednesday,2005,4
20050609,2005-06-09 00:00:00.000,2005,2,6,June,9,5,Thursday,2005,4
20050610,2005-06-10 00:00:00.000,2005,2,6,June,10,6,Friday,2005,4
20050611,2005-06-11 00:00:00.000,2005,2,6,June,11,7,Saturday,2005,4
20050612,2005-06-12 00:00:00.000,2005,2,6,June,12,1,Sunday,2005,4
20050613,2005-06-13 00:00:00.000,2005,2,6,June,13,2,Monday,2005,4
20050614,2005-06-14 00:00:00.000,2005,2,6,June,14,3,Tuesday,2005,4
20050615,2005-06-15 00:00:00.000,2005,2,6,June,15,4,Wednesday,2005,4
20050616,2005-06-16 00:00:00.000,2005,2,6,June,16,5,Thursday,2005,4
20050617,2005-06-17 00:00:00.000,2005,2,6,June,17,6,Friday,2005,4
20050618,2005-06-18 00:00:00.000,2005,2,6,June,18,7,Saturday,2005,4
20050619,2005-06-19 00:00:00.000,2005,2,6,June,19,1,Sunday,2005,4
20050620,2005-06-20 00:00:00.000,2005,2,6,June,20,2,Monday,2005,4
20050621,2005-06-21 00:00:00.000,2005,2,6,June,21,3,Tuesday,2005,4
20050622,2005-06-22 00:00:00.000,2005,2,6,June,22,4,Wednesday,2005,4
20050623,2005-06-23 00:00:00.000,2005,2,6,June,23,5,Thursday,2005,4
20050624,2005-06-24 00:00:00.000,2005,2,6,June,24,6,Friday,2005,4
20050625,2005-06-25 00:00:00.000,2005,2,6,June,25,7,Saturday,2005,4
20050626,2005-06-26 00:00:00.000,2005,2,6,June,26,1,Sunday,2005,4
20050627,2005-06-27 00:00:00.000,2005,2,6,June,27,2,Monday,2005,4
20050628,2005-06-28 00:00:00.000,2005,2,6,June,28,3,Tuesday,2005,4
20050629,2005-06-29 00:00:00.000,2005,2,6,June,29,4,Wednesday,2005,4
20050630,2005-06-30 00:00:00.000,2005,2,6,June,30,5,Thursday,2005,4
20050701,2005-07-01 00:00:00.000,2005,3,7,July,1,6,Friday,2006,1
20050702,2005-07-02 00:00:00.000,2005,3,7,July,2,7,Saturday,2006,1
20050703,2005-07-03 00:00:00.000,2005,3,7,July,3,1,Sunday,2006,1
20050704,2005-07-04 00:00:00.000,2005,3,7,July,4,2,Monday,2006,1
20050705,2005-07-05 00:00:00.000,2005,3,7,July,5,3,Tuesday,2006,1
20050706,2005-07-06 00:00:00.000,2005,3,7,July,6,4,Wednesday,2006,1
20050707,2005-07-07 00:00:00.000,2005,3,7,July,7,5,Thursday,2006,1
20050708,2005-07-08 00:00:00.000,2005,3,7,July,8,6,Friday,2006,1
20050709,2005-07-09 00:00:00.000,2005,3,7,July,9,7,Saturday,2006,1
20050710,2005-07-10 00:00:00.000,2005,3,7,July,10,1,Sunday,2006,1
20050711,2005-07-11 00:00:00.000,2005,3,7,July,11,2,Monday,2006,1
20050712,2005-07-12 00:00:00.000,2005,3,7,July,12,3,Tuesday,2006,1
20050713,2005-07-13 00:00:00.000,2005,3,7,July,13,4,Wednesday,2006,1
20050714,2005-07-14 00:00:00.000,2005,3,7,July,14,5,Thursday,2006,1
20050715,2005-07-15 00:00:00.000,2005,3,7,July,15,6,Friday,2006,1
20050716,2005-07-16 00:00:00.000,2005,3,7,July,16,7,Saturday,2006,1
20050717,2005-07-17 00:00:00.000,2005,3,7,July,17,1,Sunday,2006,1
20050718,2005-07-18 00:00:00.000,2005,3,7,July,18,2,Monday,2006,1
20050719,2005-07-19 00:00:00.000,2005,3,7,July,19,3,Tuesday,2006,1
20050720,2005-07-20 00:00:00.000,2005,3,7,July,20,4,Wednesday,2006,1
20050721,2005-07-21 00:00:00.000,2005,3,7,July,21,5,Thursday,2006,1
20050722,2005-07-22 00:00:00.000,2005,3,7,July,22,6,Friday,2006,1
20050723,2005-07-23 00:00:00.000,2005,3,7,July,23,7,Saturday,2006,1
20050724,2005-07-24 00:00:00.000,2005,3,7,July,24,1,Sunday,2006,1
20050725,2005-07-25 00:00:00.000,2005,3,7,July,25,2,Monday,2006,1
20050726,2005-07-26 00:00:00.000,2005,3,7,July,26,3,Tuesday,2006,1
20050727,2005-07-27 00:00:00.000,2005,3,7,July,27,4,Wednesday,2006,1
20050728,2005-07-28 00:00:00.000,2005,3,7,July,28,5,Thursday,2006,1
20050729,2005-07-29 00:00:00.000,2005,3,7,July,29,6,Friday,2006,1
20050730,2005-07-30 00:00:00.000,2005,3,7,July,30,7,Saturday,2006,1
20050731,2005-07-31 00:00:00.000,2005,3,7,July,31,1,Sunday,2006,1
20050801,2005-08-01 00:00:00.000,2005,3,8,August,1,2,Monday,2006,1
20050802,2005-08-02 00:00:00.000,2005,3,8,August,2,3,Tuesday,2006,1
20050803,2005-08-03 00:00:00.000,2005,3,8,August,3,4,Wednesday,2006,1
20050804,2005-08-04 00:00:00.000,2005,3,8,August,4,5,Thursday,2006,1
20050805,2005-08-05 00:00:00.000,2005,3,8,August,5,6,Friday,2006,1
20050806,2005-08-06 00:00:00.000,2005,3,8,August,6,7,Saturday,2006,1
20050807,2005-08-07 00:00:00.000,2005,3,8,August,7,1,Sunday,2006,1
20050808,2005-08-08 00:00:00.000,2005,3,8,August,8,2,Monday,2006,1
20050809,2005-08-09 00:00:00.000,2005,3,8,August,9,3,Tuesday,2006,1
20050810,2005-08-10 00:00:00.000,2005,3,8,August,10,4,Wednesday,2006,1
20050811,2005-08-11 00:00:00.000,2005,3,8,August,11,5,Thursday,2006,1
20050812,2005-08-12 00:00:00.000,2005,3,8,August,12,6,Friday,2006,1
20050813,2005-08-13 00:00:00.000,2005,3,8,August,13,7,Saturday,2006,1
20050814,2005-08-14 00:00:00.000,2005,3,8,August,14,1,Sunday,2006,1
20050815,2005-08-15 00:00:00.000,2005,3,8,August,15,2,Monday,2006,1
20050816,2005-08-16 00:00:00.000,2005,3,8,August,16,3,Tuesday,2006,1
20050817,2005-08-17 00:00:00.000,2005,3,8,August,17,4,Wednesday,2006,1
20050818,2005-08-18 00:00:00.000,2005,3,8,August,18,5,Thursday,2006,1
20050819,2005-08-19 00:00:00.000,2005,3,8,August,19,6,Friday,2006,1
20050820,2005-08-20 00:00:00.000,2005,3,8,August,20,7,Saturday,2006,1
20050821,2005-08-21 00:00:00.000,2005,3,8,August,21,1,Sunday,2006,1
20050822,2005-08-22 00:00:00.000,2005,3,8,August,22,2,Monday,2006,1
20050823,2005-08-23 00:00:00.000,2005,3,8,August,23,3,Tuesday,2006,1
20050824,2005-08-24 00:00:00.000,2005,3,8,August,24,4,Wednesday,2006,1
20050825,2005-08-25 00:00:00.000,2005,3,8,August,25,5,Thursday,2006,1
20050826,2005-08-26 00:00:00.000,2005,3,8,August,26,6,Friday,2006,1
20050827,2005-08-27 00:00:00.000,2005,3,8,August,27,7,Saturday,2006,1
20050828,2005-08-28 00:00:00.000,2005,3,8,August,28,1,Sunday,2006,1
20050829,2005-08-29 00:00:00.000,2005,3,8,August,29,2,Monday,2006,1
20050830,2005-08-30 00:00:00.000,2005,3,8,August,30,3,Tuesday,2006,1
20050831,2005-08-31 00:00:00.000,2005,3,8,August,31,4,Wednesday,2006,1
20050901,2005-09-01 00:00:00.000,2005,3,9,September,1,5,Thursday,2006,1
20050902,2005-09-02 00:00:00.000,2005,3,9,September,2,6,Friday,2006,1
20050903,2005-09-03 00:00:00.000,2005,3,9,September,3,7,Saturday,2006,1
20050904,2005-09-04 00:00:00.000,2005,3,9,September,4,1,Sunday,2006,1
20050905,2005-09-05 00:00:00.000,2005,3,9,September,5,2,Monday,2006,1
20050906,2005-09-06 00:00:00.000,2005,3,9,September,6,3,Tuesday,2006,1
20050907,2005-09-07 00:00:00.000,2005,3,9,September,7,4,Wednesday,2006,1
20050908,2005-09-08 00:00:00.000,2005,3,9,September,8,5,Thursday,2006,1
20050909,2005-09-09 00:00:00.000,2005,3,9,September,9,6,Friday,2006,1
20050910,2005-09-10 00:00:00.000,2005,3,9,September,10,7,Saturday,2006,1
20050911,2005-09-11 00:00:00.000,2005,3,9,September,11,1,Sunday,2006,1
20050912,2005-09-12 00:00:00.000,2005,3,9,September,12,2,Monday,2006,1
20050913,2005-09-13 00:00:00.000,2005,3,9,September,13,3,Tuesday,2006,1
20050914,2005-09-14 00:00:00.000,2005,3,9,September,14,4,Wednesday,2006,1
20050915,2005-09-15 00:00:00.000,2005,3,9,September,15,5,Thursday,2006,1
20050916,2005-09-16 00:00:00.000,2005,3,9,September,16,6,Friday,2006,1
20050917,2005-09-17 00:00:00.000,2005,3,9,September,17,7,Saturday,2006,1
20050918,2005-09-18 00:00:00.000,2005,3,9,September,18,1,Sunday,2006,1
20050919,2005-09-19 00:00:00.000,2005,3,9,September,19,2,Monday,2006,1
20050920,2005-09-20 00:00:00.000,2005,3,9,September,20,3,Tuesday,2006,1
20050921,2005-09-21 00:00:00.000,2005,3,9,September,21,4,Wednesday,2006,1
20050922,2005-09-22 00:00:00.000,2005,3,9,September,22,5,Thursday,2006,1
20050923,2005-09-23 00:00:00.000,2005,3,9,September,23,6,Friday,2006,1
20050924,2005-09-24 00:00:00.000,2005,3,9,September,24,7,Saturday,2006,1
20050925,2005-09-25 00:00:00.000,2005,3,9,September,25,1,Sunday,2006,1
20050926,2005-09-26 00:00:00.000,2005,3,9,September,26,2,Monday,2006,1
20050927,2005-09-27 00:00:00.000,2005,3,9,September,27,3,Tuesday,2006,1
20050928,2005-09-28 00:00:00.000,2005,3,9,September,28,4,Wednesday,2006,1
20050929,2005-09-29 00:00:00.000,2005,3,9,September,29,5,Thursday,2006,1
20050930,2005-09-30 00:00:00.000,2005,3,9,September,30,6,Friday,2006,1
20051001,2005-10-01 00:00:00.000,2005,4,10,October,1,7,Saturday,2006,2
20051002,2005-10-02 00:00:00.000,2005,4,10,October,2,1,Sunday,2006,2
20051003,2005-10-03 00:00:00.000,2005,4,10,October,3,2,Monday,2006,2
20051004,2005-10-04 00:00:00.000,2005,4,10,October,4,3,Tuesday,2006,2
20051005,2005-10-05 00:00:00.000,2005,4,10,October,5,4,Wednesday,2006,2
20051006,2005-10-06 00:00:00.000,2005,4,10,October,6,5,Thursday,2006,2
20051007,2005-10-07 00:00:00.000,2005,4,10,October,7,6,Friday,2006,2
20051008,2005-10-08 00:00:00.000,2005,4,10,October,8,7,Saturday,2006,2
20051009,2005-10-09 00:00:00.000,2005,4,10,October,9,1,Sunday,2006,2
20051010,2005-10-10 00:00:00.000,2005,4,10,October,10,2,Monday,2006,2
20051011,2005-10-11 00:00:00.000,2005,4,10,October,11,3,Tuesday,2006,2
20051012,2005-10-12 00:00:00.000,2005,4,10,October,12,4,Wednesday,2006,2
20051013,2005-10-13 00:00:00.000,2005,4,10,October,13,5,Thursday,2006,2
20051014,2005-10-14 00:00:00.000,2005,4,10,October,14,6,Friday,2006,2
20051015,2005-10-15 00:00:00.000,2005,4,10,October,15,7,Saturday,2006,2
20051016,2005-10-16 00:00:00.000,2005,4,10,October,16,1,Sunday,2006,2
20051017,2005-10-17 00:00:00.000,2005,4,10,October,17,2,Monday,2006,2
20051018,2005-10-18 00:00:00.000,2005,4,10,October,18,3,Tuesday,2006,2
20051019,2005-10-19 00:00:00.000,2005,4,10,October,19,4,Wednesday,2006,2
20051020,2005-10-20 00:00:00.000,2005,4,10,October,20,5,Thursday,2006,2
20051021,2005-10-21 00:00:00.000,2005,4,10,October,21,6,Friday,2006,2
20051022,2005-10-22 00:00:00.000,2005,4,10,October,22,7,Saturday,2006,2
20051023,2005-10-23 00:00:00.000,2005,4,10,October,23,1,Sunday,2006,2
20051024,2005-10-24 00:00:00.000,2005,4,10,October,24,2,Monday,2006,2
20051025,2005-10-25 00:00:00.000,2005,4,10,October,25,3,Tuesday,2006,2
20051026,2005-10-26 00:00:00.000,2005,4,10,October,26,4,Wednesday,2006,2
20051027,2005-10-27 00:00:00.000,2005,4,10,October,27,5,Thursday,2006,2
20051028,2005-10-28 00:00:00.000,2005,4,10,October,28,6,Friday,2006,2
20051029,2005-10-29 00:00:00.000,2005,4,10,October,29,7,Saturday,2006,2
20051030,2005-10-30 00:00:00.000,2005,4,10,October,30,1,Sunday,2006,2
20051031,2005-10-31 00:00:00.000,2005,4,10,October,31,2,Monday,2006,2
20051101,2005-11-01 00:00:00.000,2005,4,11,November,1,3,Tuesday,2006,2
20051102,2005-11-02 00:00:00.000,2005,4,11,November,2,4,Wednesday,2006,2
20051103,2005-11-03 00:00:00.000,2005,4,11,November,3,5,Thursday,2006,2
20051104,2005-11-04 00:00:00.000,2005,4,11,November,4,6,Friday,2006,2
20051105,2005-11-05 00:00:00.000,2005,4,11,November,5,7,Saturday,2006,2
20051106,2005-11-06 00:00:00.000,2005,4,11,November,6,1,Sunday,2006,2
20051107,2005-11-07 00:00:00.000,2005,4,11,November,7,2,Monday,2006,2
20051108,2005-11-08 00:00:00.000,2005,4,11,November,8,3,Tuesday,2006,2
20051109,2005-11-09 00:00:00.000,2005,4,11,November,9,4,Wednesday,2006,2
20051110,2005-11-10 00:00:00.000,2005,4,11,November,10,5,Thursday,2006,2
20051111,2005-11-11 00:00:00.000,2005,4,11,November,11,6,Friday,2006,2
20051112,2005-11-12 00:00:00.000,2005,4,11,November,12,7,Saturday,2006,2
20051113,2005-11-13 00:00:00.000,2005,4,11,November,13,1,Sunday,2006,2
20051114,2005-11-14 00:00:00.000,2005,4,11,November,14,2,Monday,2006,2
20051115,2005-11-15 00:00:00.000,2005,4,11,November,15,3,Tuesday,2006,2
20051116,2005-11-16 00:00:00.000,2005,4,11,November,16,4,Wednesday,2006,2
20051117,2005-11-17 00:00:00.000,2005,4,11,November,17,5,Thursday,2006,2
20051118,2005-11-18 00:00:00.000,2005,4,11,November,18,6,Friday,2006,2
20051119,2005-11-19 00:00:00.000,2005,4,11,November,19,7,Saturday,2006,2
20051120,2005-11-20 00:00:00.000,2005,4,11,November,20,1,Sunday,2006,2
20051121,2005-11-21 00:00:00.000,2005,4,11,November,21,2,Monday,2006,2
20051122,2005-11-22 00:00:00.000,2005,4,11,November,22,3,Tuesday,2006,2
20051123,2005-11-23 00:00:00.000,2005,4,11,November,23,4,Wednesday,2006,2
20051124,2005-11-24 00:00:00.000,2005,4,11,November,24,5,Thursday,2006,2
20051125,2005-11-25 00:00:00.000,2005,4,11,November,25,6,Friday,2006,2
20051126,2005-11-26 00:00:00.000,2005,4,11,November,26,7,Saturday,2006,2
20051127,2005-11-27 00:00:00.000,2005,4,11,November,27,1,Sunday,2006,2
20051128,2005-11-28 00:00:00.000,2005,4,11,November,28,2,Monday,2006,2
20051129,2005-11-29 00:00:00.000,2005,4,11,November,29,3,Tuesday,2006,2
20051130,2005-11-30 00:00:00.000,2005,4,11,November,30,4,Wednesday,2006,2
20051201,2005-12-01 00:00:00.000,2005,4,12,December,1,5,Thursday,2006,2
20051202,2005-12-02 00:00:00.000,2005,4,12,December,2,6,Friday,2006,2
20051203,2005-12-03 00:00:00.000,2005,4,12,December,3,7,Saturday,2006,2
20051204,2005-12-04 00:00:00.000,2005,4,12,December,4,1,Sunday,2006,2
20051205,2005-12-05 00:00:00.000,2005,4,12,December,5,2,Monday,2006,2
20051206,2005-12-06 00:00:00.000,2005,4,12,December,6,3,Tuesday,2006,2
20051207,2005-12-07 00:00:00.000,2005,4,12,December,7,4,Wednesday,2006,2
20051208,2005-12-08 00:00:00.000,2005,4,12,December,8,5,Thursday,2006,2
20051209,2005-12-09 00:00:00.000,2005,4,12,December,9,6,Friday,2006,2
20051210,2005-12-10 00:00:00.000,2005,4,12,December,10,7,Saturday,2006,2
20051211,2005-12-11 00:00:00.000,2005,4,12,December,11,1,Sunday,2006,2
20051212,2005-12-12 00:00:00.000,2005,4,12,December,12,2,Monday,2006,2
20051213,2005-12-13 00:00:00.000,2005,4,12,December,13,3,Tuesday,2006,2
20051214,2005-12-14 00:00:00.000,2005,4,12,December,14,4,Wednesday,2006,2
20051215,2005-12-15 00:00:00.000,2005,4,12,December,15,5,Thursday,2006,2
20051216,2005-12-16 00:00:00.000,2005,4,12,December,16,6,Friday,2006,2
20051217,2005-12-17 00:00:00.000,2005,4,12,December,17,7,Saturday,2006,2
20051218,2005-12-18 00:00:00.000,2005,4,12,December,18,1,Sunday,2006,2
20051219,2005-12-19 00:00:00.000,2005,4,12,December,19,2,Monday,2006,2
20051220,2005-12-20 00:00:00.000,2005,4,12,December,20,3,Tuesday,2006,2
20051221,2005-12-21 00:00:00.000,2005,4,12,December,21,4,Wednesday,2006,2
20051222,2005-12-22 00:00:00.000,2005,4,12,December,22,5,Thursday,2006,2
20051223,2005-12-23 00:00:00.000,2005,4,12,December,23,6,Friday,2006,2
20051224,2005-12-24 00:00:00.000,2005,4,12,December,24,7,Saturday,2006,2
20051225,2005-12-25 00:00:00.000,2005,4,12,December,25,1,Sunday,2006,2
20051226,2005-12-26 00:00:00.000,2005,4,12,December,26,2,Monday,2006,2
20051227,2005-12-27 00:00:00.000,2005,4,12,December,27,3,Tuesday,2006,2
20051228,2005-12-28 00:00:00.000,2005,4,12,December,28,4,Wednesday,2006,2
20051229,2005-12-29 00:00:00.000,2005,4,12,December,29,5,Thursday,2006,2
20051230,2005-12-30 00:00:00.000,2005,4,12,December,30,6,Friday,2006,2
20051231,2005-12-31 00:00:00.000,2005,4,12,December,31,7,Saturday,2006,2
20060101,2006-01-01 00:00:00.000,2006,1,1,January,1,1,Sunday,2006,3
20060102,2006-01-02 00:00:00.000,2006,1,1,January,2,2,Monday,2006,3
20060103,2006-01-03 00:00:00.000,2006,1,1,January,3,3,Tuesday,2006,3
20060104,2006-01-04 00:00:00.000,2006,1,1,January,4,4,Wednesday,2006,3
20060105,2006-01-05 00:00:00.000,2006,1,1,January,5,5,Thursday,2006,3
20060106,2006-01-06 00:00:00.000,2006,1,1,January,6,6,Friday,2006,3
20060107,2006-01-07 00:00:00.000,2006,1,1,January,7,7,Saturday,2006,3
20060108,2006-01-08 00:00:00.000,2006,1,1,January,8,1,Sunday,2006,3
20060109,2006-01-09 00:00:00.000,2006,1,1,January,9,2,Monday,2006,3
20060110,2006-01-10 00:00:00.000,2006,1,1,January,10,3,Tuesday,2006,3
20060111,2006-01-11 00:00:00.000,2006,1,1,January,11,4,Wednesday,2006,3
20060112,2006-01-12 00:00:00.000,2006,1,1,January,12,5,Thursday,2006,3
20060113,2006-01-13 00:00:00.000,2006,1,1,January,13,6,Friday,2006,3
20060114,2006-01-14 00:00:00.000,2006,1,1,January,14,7,Saturday,2006,3
20060115,2006-01-15 00:00:00.000,2006,1,1,January,15,1,Sunday,2006,3
20060116,2006-01-16 00:00:00.000,2006,1,1,January,16,2,Monday,2006,3
20060117,2006-01-17 00:00:00.000,2006,1,1,January,17,3,Tuesday,2006,3
20060118,2006-01-18 00:00:00.000,2006,1,1,January,18,4,Wednesday,2006,3
20060119,2006-01-19 00:00:00.000,2006,1,1,January,19,5,Thursday,2006,3
20060120,2006-01-20 00:00:00.000,2006,1,1,January,20,6,Friday,2006,3
20060121,2006-01-21 00:00:00.000,2006,1,1,January,21,7,Saturday,2006,3
20060122,2006-01-22 00:00:00.000,2006,1,1,January,22,1,Sunday,2006,3
20060123,2006-01-23 00:00:00.000,2006,1,1,January,23,2,Monday,2006,3
20060124,2006-01-24 00:00:00.000,2006,1,1,January,24,3,Tuesday,2006,3
20060125,2006-01-25 00:00:00.000,2006,1,1,January,25,4,Wednesday,2006,3
20060126,2006-01-26 00:00:00.000,2006,1,1,January,26,5,Thursday,2006,3
20060127,2006-01-27 00:00:00.000,2006,1,1,January,27,6,Friday,2006,3
20060128,2006-01-28 00:00:00.000,2006,1,1,January,28,7,Saturday,2006,3
20060129,2006-01-29 00:00:00.000,2006,1,1,January,29,1,Sunday,2006,3
20060130,2006-01-30 00:00:00.000,2006,1,1,January,30,2,Monday,2006,3
20060131,2006-01-31 00:00:00.000,2006,1,1,January,31,3,Tuesday,2006,3
20060201,2006-02-01 00:00:00.000,2006,1,2,February,1,4,Wednesday,2006,3
20060202,2006-02-02 00:00:00.000,2006,1,2,February,2,5,Thursday,2006,3
20060203,2006-02-03 00:00:00.000,2006,1,2,February,3,6,Friday,2006,3
20060204,2006-02-04 00:00:00.000,2006,1,2,February,4,7,Saturday,2006,3
20060205,2006-02-05 00:00:00.000,2006,1,2,February,5,1,Sunday,2006,3
20060206,2006-02-06 00:00:00.000,2006,1,2,February,6,2,Monday,2006,3
20060207,2006-02-07 00:00:00.000,2006,1,2,February,7,3,Tuesday,2006,3
20060208,2006-02-08 00:00:00.000,2006,1,2,February,8,4,Wednesday,2006,3
20060209,2006-02-09 00:00:00.000,2006,1,2,February,9,5,Thursday,2006,3
20060210,2006-02-10 00:00:00.000,2006,1,2,February,10,6,Friday,2006,3
20060211,2006-02-11 00:00:00.000,2006,1,2,February,11,7,Saturday,2006,3
20060212,2006-02-12 00:00:00.000,2006,1,2,February,12,1,Sunday,2006,3
20060213,2006-02-13 00:00:00.000,2006,1,2,February,13,2,Monday,2006,3
20060214,2006-02-14 00:00:00.000,2006,1,2,February,14,3,Tuesday,2006,3
20060215,2006-02-15 00:00:00.000,2006,1,2,February,15,4,Wednesday,2006,3
20060216,2006-02-16 00:00:00.000,2006,1,2,February,16,5,Thursday,2006,3
20060217,2006-02-17 00:00:00.000,2006,1,2,February,17,6,Friday,2006,3
20060218,2006-02-18 00:00:00.000,2006,1,2,February,18,7,Saturday,2006,3
20060219,2006-02-19 00:00:00.000,2006,1,2,February,19,1,Sunday,2006,3
20060220,2006-02-20 00:00:00.000,2006,1,2,February,20,2,Monday,2006,3
20060221,2006-02-21 00:00:00.000,2006,1,2,February,21,3,Tuesday,2006,3
20060222,2006-02-22 00:00:00.000,2006,1,2,February,22,4,Wednesday,2006,3
20060223,2006-02-23 00:00:00.000,2006,1,2,February,23,5,Thursday,2006,3
20060224,2006-02-24 00:00:00.000,2006,1,2,February,24,6,Friday,2006,3
20060225,2006-02-25 00:00:00.000,2006,1,2,February,25,7,Saturday,2006,3
20060226,2006-02-26 00:00:00.000,2006,1,2,February,26,1,Sunday,2006,3
20060227,2006-02-27 00:00:00.000,2006,1,2,February,27,2,Monday,2006,3
20060228,2006-02-28 00:00:00.000,2006,1,2,February,28,3,Tuesday,2006,3
20060301,2006-03-01 00:00:00.000,2006,1,3,March,1,4,Wednesday,2006,3
20060302,2006-03-02 00:00:00.000,2006,1,3,March,2,5,Thursday,2006,3
20060303,2006-03-03 00:00:00.000,2006,1,3,March,3,6,Friday,2006,3
20060304,2006-03-04 00:00:00.000,2006,1,3,March,4,7,Saturday,2006,3
20060305,2006-03-05 00:00:00.000,2006,1,3,March,5,1,Sunday,2006,3
20060306,2006-03-06 00:00:00.000,2006,1,3,March,6,2,Monday,2006,3
20060307,2006-03-07 00:00:00.000,2006,1,3,March,7,3,Tuesday,2006,3
20060308,2006-03-08 00:00:00.000,2006,1,3,March,8,4,Wednesday,2006,3
20060309,2006-03-09 00:00:00.000,2006,1,3,March,9,5,Thursday,2006,3
20060310,2006-03-10 00:00:00.000,2006,1,3,March,10,6,Friday,2006,3
20060311,2006-03-11 00:00:00.000,2006,1,3,March,11,7,Saturday,2006,3
20060312,2006-03-12 00:00:00.000,2006,1,3,March,12,1,Sunday,2006,3
20060313,2006-03-13 00:00:00.000,2006,1,3,March,13,2,Monday,2006,3
20060314,2006-03-14 00:00:00.000,2006,1,3,March,14,3,Tuesday,2006,3
20060315,2006-03-15 00:00:00.000,2006,1,3,March,15,4,Wednesday,2006,3
20060316,2006-03-16 00:00:00.000,2006,1,3,March,16,5,Thursday,2006,3
20060317,2006-03-17 00:00:00.000,2006,1,3,March,17,6,Friday,2006,3
20060318,2006-03-18 00:00:00.000,2006,1,3,March,18,7,Saturday,2006,3
20060319,2006-03-19 00:00:00.000,2006,1,3,March,19,1,Sunday,2006,3
20060320,2006-03-20 00:00:00.000,2006,1,3,March,20,2,Monday,2006,3
20060321,2006-03-21 00:00:00.000,2006,1,3,March,21,3,Tuesday,2006,3
20060322,2006-03-22 00:00:00.000,2006,1,3,March,22,4,Wednesday,2006,3
20060323,2006-03-23 00:00:00.000,2006,1,3,March,23,5,Thursday,2006,3
20060324,2006-03-24 00:00:00.000,2006,1,3,March,24,6,Friday,2006,3
20060325,2006-03-25 00:00:00.000,2006,1,3,March,25,7,Saturday,2006,3
20060326,2006-03-26 00:00:00.000,2006,1,3,March,26,1,Sunday,2006,3
20060327,2006-03-27 00:00:00.000,2006,1,3,March,27,2,Monday,2006,3
20060328,2006-03-28 00:00:00.000,2006,1,3,March,28,3,Tuesday,2006,3
20060329,2006-03-29 00:00:00.000,2006,1,3,March,29,4,Wednesday,2006,3
20060330,2006-03-30 00:00:00.000,2006,1,3,March,30,5,Thursday,2006,3
20060331,2006-03-31 00:00:00.000,2006,1,3,March,31,6,Friday,2006,3
20060401,2006-04-01 00:00:00.000,2006,2,4,April,1,7,Saturday,2006,4
20060402,2006-04-02 00:00:00.000,2006,2,4,April,2,1,Sunday,2006,4
20060403,2006-04-03 00:00:00.000,2006,2,4,April,3,2,Monday,2006,4
20060404,2006-04-04 00:00:00.000,2006,2,4,April,4,3,Tuesday,2006,4
20060405,2006-04-05 00:00:00.000,2006,2,4,April,5,4,Wednesday,2006,4
20060406,2006-04-06 00:00:00.000,2006,2,4,April,6,5,Thursday,2006,4
20060407,2006-04-07 00:00:00.000,2006,2,4,April,7,6,Friday,2006,4
20060408,2006-04-08 00:00:00.000,2006,2,4,April,8,7,Saturday,2006,4
20060409,2006-04-09 00:00:00.000,2006,2,4,April,9,1,Sunday,2006,4
20060410,2006-04-10 00:00:00.000,2006,2,4,April,10,2,Monday,2006,4
20060411,2006-04-11 00:00:00.000,2006,2,4,April,11,3,Tuesday,2006,4
20060412,2006-04-12 00:00:00.000,2006,2,4,April,12,4,Wednesday,2006,4
20060413,2006-04-13 00:00:00.000,2006,2,4,April,13,5,Thursday,2006,4
20060414,2006-04-14 00:00:00.000,2006,2,4,April,14,6,Friday,2006,4
20060415,2006-04-15 00:00:00.000,2006,2,4,April,15,7,Saturday,2006,4
20060416,2006-04-16 00:00:00.000,2006,2,4,April,16,1,Sunday,2006,4
20060417,2006-04-17 00:00:00.000,2006,2,4,April,17,2,Monday,2006,4
20060418,2006-04-18 00:00:00.000,2006,2,4,April,18,3,Tuesday,2006,4
20060419,2006-04-19 00:00:00.000,2006,2,4,April,19,4,Wednesday,2006,4
20060420,2006-04-20 00:00:00.000,2006,2,4,April,20,5,Thursday,2006,4
20060421,2006-04-21 00:00:00.000,2006,2,4,April,21,6,Friday,2006,4
20060422,2006-04-22 00:00:00.000,2006,2,4,April,22,7,Saturday,2006,4
20060423,2006-04-23 00:00:00.000,2006,2,4,April,23,1,Sunday,2006,4
20060424,2006-04-24 00:00:00.000,2006,2,4,April,24,2,Monday,2006,4
20060425,2006-04-25 00:00:00.000,2006,2,4,April,25,3,Tuesday,2006,4
20060426,2006-04-26 00:00:00.000,2006,2,4,April,26,4,Wednesday,2006,4
20060427,2006-04-27 00:00:00.000,2006,2,4,April,27,5,Thursday,2006,4
20060428,2006-04-28 00:00:00.000,2006,2,4,April,28,6,Friday,2006,4
20060429,2006-04-29 00:00:00.000,2006,2,4,April,29,7,Saturday,2006,4
20060430,2006-04-30 00:00:00.000,2006,2,4,April,30,1,Sunday,2006,4
20060501,2006-05-01 00:00:00.000,2006,2,5,May,1,2,Monday,2006,4
20060502,2006-05-02 00:00:00.000,2006,2,5,May,2,3,Tuesday,2006,4
20060503,2006-05-03 00:00:00.000,2006,2,5,May,3,4,Wednesday,2006,4
20060504,2006-05-04 00:00:00.000,2006,2,5,May,4,5,Thursday,2006,4
20060505,2006-05-05 00:00:00.000,2006,2,5,May,5,6,Friday,2006,4
20060506,2006-05-06 00:00:00.000,2006,2,5,May,6,7,Saturday,2006,4
20060507,2006-05-07 00:00:00.000,2006,2,5,May,7,1,Sunday,2006,4
20060508,2006-05-08 00:00:00.000,2006,2,5,May,8,2,Monday,2006,4
20060509,2006-05-09 00:00:00.000,2006,2,5,May,9,3,Tuesday,2006,4
20060510,2006-05-10 00:00:00.000,2006,2,5,May,10,4,Wednesday,2006,4
20060511,2006-05-11 00:00:00.000,2006,2,5,May,11,5,Thursday,2006,4
20060512,2006-05-12 00:00:00.000,2006,2,5,May,12,6,Friday,2006,4
20060513,2006-05-13 00:00:00.000,2006,2,5,May,13,7,Saturday,2006,4
20060514,2006-05-14 00:00:00.000,2006,2,5,May,14,1,Sunday,2006,4
20060515,2006-05-15 00:00:00.000,2006,2,5,May,15,2,Monday,2006,4
20060516,2006-05-16 00:00:00.000,2006,2,5,May,16,3,Tuesday,2006,4
20060517,2006-05-17 00:00:00.000,2006,2,5,May,17,4,Wednesday,2006,4
20060518,2006-05-18 00:00:00.000,2006,2,5,May,18,5,Thursday,2006,4
20060519,2006-05-19 00:00:00.000,2006,2,5,May,19,6,Friday,2006,4
20060520,2006-05-20 00:00:00.000,2006,2,5,May,20,7,Saturday,2006,4
20060521,2006-05-21 00:00:00.000,2006,2,5,May,21,1,Sunday,2006,4
20060522,2006-05-22 00:00:00.000,2006,2,5,May,22,2,Monday,2006,4
20060523,2006-05-23 00:00:00.000,2006,2,5,May,23,3,Tuesday,2006,4
20060524,2006-05-24 00:00:00.000,2006,2,5,May,24,4,Wednesday,2006,4
20060525,2006-05-25 00:00:00.000,2006,2,5,May,25,5,Thursday,2006,4
20060526,2006-05-26 00:00:00.000,2006,2,5,May,26,6,Friday,2006,4
20060527,2006-05-27 00:00:00.000,2006,2,5,May,27,7,Saturday,2006,4
20060528,2006-05-28 00:00:00.000,2006,2,5,May,28,1,Sunday,2006,4
20060529,2006-05-29 00:00:00.000,2006,2,5,May,29,2,Monday,2006,4
20060530,2006-05-30 00:00:00.000,2006,2,5,May,30,3,Tuesday,2006,4
20060531,2006-05-31 00:00:00.000,2006,2,5,May,31,4,Wednesday,2006,4
20060601,2006-06-01 00:00:00.000,2006,2,6,June,1,5,Thursday,2006,4
20060602,2006-06-02 00:00:00.000,2006,2,6,June,2,6,Friday,2006,4
20060603,2006-06-03 00:00:00.000,2006,2,6,June,3,7,Saturday,2006,4
20060604,2006-06-04 00:00:00.000,2006,2,6,June,4,1,Sunday,2006,4
20060605,2006-06-05 00:00:00.000,2006,2,6,June,5,2,Monday,2006,4
20060606,2006-06-06 00:00:00.000,2006,2,6,June,6,3,Tuesday,2006,4
20060607,2006-06-07 00:00:00.000,2006,2,6,June,7,4,Wednesday,2006,4
20060608,2006-06-08 00:00:00.000,2006,2,6,June,8,5,Thursday,2006,4
20060609,2006-06-09 00:00:00.000,2006,2,6,June,9,6,Friday,2006,4
20060610,2006-06-10 00:00:00.000,2006,2,6,June,10,7,Saturday,2006,4
20060611,2006-06-11 00:00:00.000,2006,2,6,June,11,1,Sunday,2006,4
20060612,2006-06-12 00:00:00.000,2006,2,6,June,12,2,Monday,2006,4
20060613,2006-06-13 00:00:00.000,2006,2,6,June,13,3,Tuesday,2006,4
20060614,2006-06-14 00:00:00.000,2006,2,6,June,14,4,Wednesday,2006,4
20060615,2006-06-15 00:00:00.000,2006,2,6,June,15,5,Thursday,2006,4
20060616,2006-06-16 00:00:00.000,2006,2,6,June,16,6,Friday,2006,4
20060617,2006-06-17 00:00:00.000,2006,2,6,June,17,7,Saturday,2006,4
20060618,2006-06-18 00:00:00.000,2006,2,6,June,18,1,Sunday,2006,4
20060619,2006-06-19 00:00:00.000,2006,2,6,June,19,2,Monday,2006,4
20060620,2006-06-20 00:00:00.000,2006,2,6,June,20,3,Tuesday,2006,4
20060621,2006-06-21 00:00:00.000,2006,2,6,June,21,4,Wednesday,2006,4
20060622,2006-06-22 00:00:00.000,2006,2,6,June,22,5,Thursday,2006,4
20060623,2006-06-23 00:00:00.000,2006,2,6,June,23,6,Friday,2006,4
20060624,2006-06-24 00:00:00.000,2006,2,6,June,24,7,Saturday,2006,4
20060625,2006-06-25 00:00:00.000,2006,2,6,June,25,1,Sunday,2006,4
20060626,2006-06-26 00:00:00.000,2006,2,6,June,26,2,Monday,2006,4
20060627,2006-06-27 00:00:00.000,2006,2,6,June,27,3,Tuesday,2006,4
20060628,2006-06-28 00:00:00.000,2006,2,6,June,28,4,Wednesday,2006,4
20060629,2006-06-29 00:00:00.000,2006,2,6,June,29,5,Thursday,2006,4
20060630,2006-06-30 00:00:00.000,2006,2,6,June,30,6,Friday,2006,4
20060701,2006-07-01 00:00:00.000,2006,3,7,July,1,7,Saturday,2007,1
20060702,2006-07-02 00:00:00.000,2006,3,7,July,2,1,Sunday,2007,1
20060703,2006-07-03 00:00:00.000,2006,3,7,July,3,2,Monday,2007,1
20060704,2006-07-04 00:00:00.000,2006,3,7,July,4,3,Tuesday,2007,1
20060705,2006-07-05 00:00:00.000,2006,3,7,July,5,4,Wednesday,2007,1
20060706,2006-07-06 00:00:00.000,2006,3,7,July,6,5,Thursday,2007,1
20060707,2006-07-07 00:00:00.000,2006,3,7,July,7,6,Friday,2007,1
20060708,2006-07-08 00:00:00.000,2006,3,7,July,8,7,Saturday,2007,1
20060709,2006-07-09 00:00:00.000,2006,3,7,July,9,1,Sunday,2007,1
20060710,2006-07-10 00:00:00.000,2006,3,7,July,10,2,Monday,2007,1
20060711,2006-07-11 00:00:00.000,2006,3,7,July,11,3,Tuesday,2007,1
20060712,2006-07-12 00:00:00.000,2006,3,7,July,12,4,Wednesday,2007,1
20060713,2006-07-13 00:00:00.000,2006,3,7,July,13,5,Thursday,2007,1
20060714,2006-07-14 00:00:00.000,2006,3,7,July,14,6,Friday,2007,1
20060715,2006-07-15 00:00:00.000,2006,3,7,July,15,7,Saturday,2007,1
20060716,2006-07-16 00:00:00.000,2006,3,7,July,16,1,Sunday,2007,1
20060717,2006-07-17 00:00:00.000,2006,3,7,July,17,2,Monday,2007,1
20060718,2006-07-18 00:00:00.000,2006,3,7,July,18,3,Tuesday,2007,1
20060719,2006-07-19 00:00:00.000,2006,3,7,July,19,4,Wednesday,2007,1
20060720,2006-07-20 00:00:00.000,2006,3,7,July,20,5,Thursday,2007,1
20060721,2006-07-21 00:00:00.000,2006,3,7,July,21,6,Friday,2007,1
20060722,2006-07-22 00:00:00.000,2006,3,7,July,22,7,Saturday,2007,1
20060723,2006-07-23 00:00:00.000,2006,3,7,July,23,1,Sunday,2007,1
20060724,2006-07-24 00:00:00.000,2006,3,7,July,24,2,Monday,2007,1
20060725,2006-07-25 00:00:00.000,2006,3,7,July,25,3,Tuesday,2007,1
20060726,2006-07-26 00:00:00.000,2006,3,7,July,26,4,Wednesday,2007,1
20060727,2006-07-27 00:00:00.000,2006,3,7,July,27,5,Thursday,2007,1
20060728,2006-07-28 00:00:00.000,2006,3,7,July,28,6,Friday,2007,1
20060729,2006-07-29 00:00:00.000,2006,3,7,July,29,7,Saturday,2007,1
20060730,2006-07-30 00:00:00.000,2006,3,7,July,30,1,Sunday,2007,1
20060731,2006-07-31 00:00:00.000,2006,3,7,July,31,2,Monday,2007,1
20060801,2006-08-01 00:00:00.000,2006,3,8,August,1,3,Tuesday,2007,1
20060802,2006-08-02 00:00:00.000,2006,3,8,August,2,4,Wednesday,2007,1
20060803,2006-08-03 00:00:00.000,2006,3,8,August,3,5,Thursday,2007,1
20060804,2006-08-04 00:00:00.000,2006,3,8,August,4,6,Friday,2007,1
20060805,2006-08-05 00:00:00.000,2006,3,8,August,5,7,Saturday,2007,1
20060806,2006-08-06 00:00:00.000,2006,3,8,August,6,1,Sunday,2007,1
20060807,2006-08-07 00:00:00.000,2006,3,8,August,7,2,Monday,2007,1
20060808,2006-08-08 00:00:00.000,2006,3,8,August,8,3,Tuesday,2007,1
20060809,2006-08-09 00:00:00.000,2006,3,8,August,9,4,Wednesday,2007,1
20060810,2006-08-10 00:00:00.000,2006,3,8,August,10,5,Thursday,2007,1
20060811,2006-08-11 00:00:00.000,2006,3,8,August,11,6,Friday,2007,1
20060812,2006-08-12 00:00:00.000,2006,3,8,August,12,7,Saturday,2007,1
20060813,2006-08-13 00:00:00.000,2006,3,8,August,13,1,Sunday,2007,1
20060814,2006-08-14 00:00:00.000,2006,3,8,August,14,2,Monday,2007,1
20060815,2006-08-15 00:00:00.000,2006,3,8,August,15,3,Tuesday,2007,1
20060816,2006-08-16 00:00:00.000,2006,3,8,August,16,4,Wednesday,2007,1
20060817,2006-08-17 00:00:00.000,2006,3,8,August,17,5,Thursday,2007,1
20060818,2006-08-18 00:00:00.000,2006,3,8,August,18,6,Friday,2007,1
20060819,2006-08-19 00:00:00.000,2006,3,8,August,19,7,Saturday,2007,1
20060820,2006-08-20 00:00:00.000,2006,3,8,August,20,1,Sunday,2007,1
20060821,2006-08-21 00:00:00.000,2006,3,8,August,21,2,Monday,2007,1
20060822,2006-08-22 00:00:00.000,2006,3,8,August,22,3,Tuesday,2007,1
20060823,2006-08-23 00:00:00.000,2006,3,8,August,23,4,Wednesday,2007,1
20060824,2006-08-24 00:00:00.000,2006,3,8,August,24,5,Thursday,2007,1
20060825,2006-08-25 00:00:00.000,2006,3,8,August,25,6,Friday,2007,1
20060826,2006-08-26 00:00:00.000,2006,3,8,August,26,7,Saturday,2007,1
20060827,2006-08-27 00:00:00.000,2006,3,8,August,27,1,Sunday,2007,1
20060828,2006-08-28 00:00:00.000,2006,3,8,August,28,2,Monday,2007,1
20060829,2006-08-29 00:00:00.000,2006,3,8,August,29,3,Tuesday,2007,1
20060830,2006-08-30 00:00:00.000,2006,3,8,August,30,4,Wednesday,2007,1
20060831,2006-08-31 00:00:00.000,2006,3,8,August,31,5,Thursday,2007,1
20060901,2006-09-01 00:00:00.000,2006,3,9,September,1,6,Friday,2007,1
20060902,2006-09-02 00:00:00.000,2006,3,9,September,2,7,Saturday,2007,1
20060903,2006-09-03 00:00:00.000,2006,3,9,September,3,1,Sunday,2007,1
20060904,2006-09-04 00:00:00.000,2006,3,9,September,4,2,Monday,2007,1
20060905,2006-09-05 00:00:00.000,2006,3,9,September,5,3,Tuesday,2007,1
20060906,2006-09-06 00:00:00.000,2006,3,9,September,6,4,Wednesday,2007,1
20060907,2006-09-07 00:00:00.000,2006,3,9,September,7,5,Thursday,2007,1
20060908,2006-09-08 00:00:00.000,2006,3,9,September,8,6,Friday,2007,1
20060909,2006-09-09 00:00:00.000,2006,3,9,September,9,7,Saturday,2007,1
20060910,2006-09-10 00:00:00.000,2006,3,9,September,10,1,Sunday,2007,1
20060911,2006-09-11 00:00:00.000,2006,3,9,September,11,2,Monday,2007,1
20060912,2006-09-12 00:00:00.000,2006,3,9,September,12,3,Tuesday,2007,1
20060913,2006-09-13 00:00:00.000,2006,3,9,September,13,4,Wednesday,2007,1
20060914,2006-09-14 00:00:00.000,2006,3,9,September,14,5,Thursday,2007,1
20060915,2006-09-15 00:00:00.000,2006,3,9,September,15,6,Friday,2007,1
20060916,2006-09-16 00:00:00.000,2006,3,9,September,16,7,Saturday,2007,1
20060917,2006-09-17 00:00:00.000,2006,3,9,September,17,1,Sunday,2007,1
20060918,2006-09-18 00:00:00.000,2006,3,9,September,18,2,Monday,2007,1
20060919,2006-09-19 00:00:00.000,2006,3,9,September,19,3,Tuesday,2007,1
20060920,2006-09-20 00:00:00.000,2006,3,9,September,20,4,Wednesday,2007,1
20060921,2006-09-21 00:00:00.000,2006,3,9,September,21,5,Thursday,2007,1
20060922,2006-09-22 00:00:00.000,2006,3,9,September,22,6,Friday,2007,1
20060923,2006-09-23 00:00:00.000,2006,3,9,September,23,7,Saturday,2007,1
20060924,2006-09-24 00:00:00.000,2006,3,9,September,24,1,Sunday,2007,1
20060925,2006-09-25 00:00:00.000,2006,3,9,September,25,2,Monday,2007,1
20060926,2006-09-26 00:00:00.000,2006,3,9,September,26,3,Tuesday,2007,1
20060927,2006-09-27 00:00:00.000,2006,3,9,September,27,4,Wednesday,2007,1
20060928,2006-09-28 00:00:00.000,2006,3,9,September,28,5,Thursday,2007,1
20060929,2006-09-29 00:00:00.000,2006,3,9,September,29,6,Friday,2007,1
20060930,2006-09-30 00:00:00.000,2006,3,9,September,30,7,Saturday,2007,1
20061001,2006-10-01 00:00:00.000,2006,4,10,October,1,1,Sunday,2007,2
20061002,2006-10-02 00:00:00.000,2006,4,10,October,2,2,Monday,2007,2
20061003,2006-10-03 00:00:00.000,2006,4,10,October,3,3,Tuesday,2007,2
20061004,2006-10-04 00:00:00.000,2006,4,10,October,4,4,Wednesday,2007,2
20061005,2006-10-05 00:00:00.000,2006,4,10,October,5,5,Thursday,2007,2
20061006,2006-10-06 00:00:00.000,2006,4,10,October,6,6,Friday,2007,2
20061007,2006-10-07 00:00:00.000,2006,4,10,October,7,7,Saturday,2007,2
20061008,2006-10-08 00:00:00.000,2006,4,10,October,8,1,Sunday,2007,2
20061009,2006-10-09 00:00:00.000,2006,4,10,October,9,2,Monday,2007,2
20061010,2006-10-10 00:00:00.000,2006,4,10,October,10,3,Tuesday,2007,2
20061011,2006-10-11 00:00:00.000,2006,4,10,October,11,4,Wednesday,2007,2
20061012,2006-10-12 00:00:00.000,2006,4,10,October,12,5,Thursday,2007,2
20061013,2006-10-13 00:00:00.000,2006,4,10,October,13,6,Friday,2007,2
20061014,2006-10-14 00:00:00.000,2006,4,10,October,14,7,Saturday,2007,2
20061015,2006-10-15 00:00:00.000,2006,4,10,October,15,1,Sunday,2007,2
20061016,2006-10-16 00:00:00.000,2006,4,10,October,16,2,Monday,2007,2
20061017,2006-10-17 00:00:00.000,2006,4,10,October,17,3,Tuesday,2007,2
20061018,2006-10-18 00:00:00.000,2006,4,10,October,18,4,Wednesday,2007,2
20061019,2006-10-19 00:00:00.000,2006,4,10,October,19,5,Thursday,2007,2
20061020,2006-10-20 00:00:00.000,2006,4,10,October,20,6,Friday,2007,2
20061021,2006-10-21 00:00:00.000,2006,4,10,October,21,7,Saturday,2007,2
20061022,2006-10-22 00:00:00.000,2006,4,10,October,22,1,Sunday,2007,2
20061023,2006-10-23 00:00:00.000,2006,4,10,October,23,2,Monday,2007,2
20061024,2006-10-24 00:00:00.000,2006,4,10,October,24,3,Tuesday,2007,2
20061025,2006-10-25 00:00:00.000,2006,4,10,October,25,4,Wednesday,2007,2
20061026,2006-10-26 00:00:00.000,2006,4,10,October,26,5,Thursday,2007,2
20061027,2006-10-27 00:00:00.000,2006,4,10,October,27,6,Friday,2007,2
20061028,2006-10-28 00:00:00.000,2006,4,10,October,28,7,Saturday,2007,2
20061029,2006-10-29 00:00:00.000,2006,4,10,October,29,1,Sunday,2007,2
20061030,2006-10-30 00:00:00.000,2006,4,10,October,30,2,Monday,2007,2
20061031,2006-10-31 00:00:00.000,2006,4,10,October,31,3,Tuesday,2007,2
20061101,2006-11-01 00:00:00.000,2006,4,11,November,1,4,Wednesday,2007,2
20061102,2006-11-02 00:00:00.000,2006,4,11,November,2,5,Thursday,2007,2
20061103,2006-11-03 00:00:00.000,2006,4,11,November,3,6,Friday,2007,2
20061104,2006-11-04 00:00:00.000,2006,4,11,November,4,7,Saturday,2007,2
20061105,2006-11-05 00:00:00.000,2006,4,11,November,5,1,Sunday,2007,2
20061106,2006-11-06 00:00:00.000,2006,4,11,November,6,2,Monday,2007,2
20061107,2006-11-07 00:00:00.000,2006,4,11,November,7,3,Tuesday,2007,2
20061108,2006-11-08 00:00:00.000,2006,4,11,November,8,4,Wednesday,2007,2
20061109,2006-11-09 00:00:00.000,2006,4,11,November,9,5,Thursday,2007,2
20061110,2006-11-10 00:00:00.000,2006,4,11,November,10,6,Friday,2007,2
20061111,2006-11-11 00:00:00.000,2006,4,11,November,11,7,Saturday,2007,2
20061112,2006-11-12 00:00:00.000,2006,4,11,November,12,1,Sunday,2007,2
20061113,2006-11-13 00:00:00.000,2006,4,11,November,13,2,Monday,2007,2
20061114,2006-11-14 00:00:00.000,2006,4,11,November,14,3,Tuesday,2007,2
20061115,2006-11-15 00:00:00.000,2006,4,11,November,15,4,Wednesday,2007,2
20061116,2006-11-16 00:00:00.000,2006,4,11,November,16,5,Thursday,2007,2
20061117,2006-11-17 00:00:00.000,2006,4,11,November,17,6,Friday,2007,2
20061118,2006-11-18 00:00:00.000,2006,4,11,November,18,7,Saturday,2007,2
20061119,2006-11-19 00:00:00.000,2006,4,11,November,19,1,Sunday,2007,2
20061120,2006-11-20 00:00:00.000,2006,4,11,November,20,2,Monday,2007,2
20061121,2006-11-21 00:00:00.000,2006,4,11,November,21,3,Tuesday,2007,2
20061122,2006-11-22 00:00:00.000,2006,4,11,November,22,4,Wednesday,2007,2
20061123,2006-11-23 00:00:00.000,2006,4,11,November,23,5,Thursday,2007,2
20061124,2006-11-24 00:00:00.000,2006,4,11,November,24,6,Friday,2007,2
20061125,2006-11-25 00:00:00.000,2006,4,11,November,25,7,Saturday,2007,2
20061126,2006-11-26 00:00:00.000,2006,4,11,November,26,1,Sunday,2007,2
20061127,2006-11-27 00:00:00.000,2006,4,11,November,27,2,Monday,2007,2
20061128,2006-11-28 00:00:00.000,2006,4,11,November,28,3,Tuesday,2007,2
20061129,2006-11-29 00:00:00.000,2006,4,11,November,29,4,Wednesday,2007,2
20061130,2006-11-30 00:00:00.000,2006,4,11,November,30,5,Thursday,2007,2
20061201,2006-12-01 00:00:00.000,2006,4,12,December,1,6,Friday,2007,2
20061202,2006-12-02 00:00:00.000,2006,4,12,December,2,7,Saturday,2007,2
20061203,2006-12-03 00:00:00.000,2006,4,12,December,3,1,Sunday,2007,2
20061204,2006-12-04 00:00:00.000,2006,4,12,December,4,2,Monday,2007,2
20061205,2006-12-05 00:00:00.000,2006,4,12,December,5,3,Tuesday,2007,2
20061206,2006-12-06 00:00:00.000,2006,4,12,December,6,4,Wednesday,2007,2
20061207,2006-12-07 00:00:00.000,2006,4,12,December,7,5,Thursday,2007,2
20061208,2006-12-08 00:00:00.000,2006,4,12,December,8,6,Friday,2007,2
20061209,2006-12-09 00:00:00.000,2006,4,12,December,9,7,Saturday,2007,2
20061210,2006-12-10 00:00:00.000,2006,4,12,December,10,1,Sunday,2007,2
20061211,2006-12-11 00:00:00.000,2006,4,12,December,11,2,Monday,2007,2
20061212,2006-12-12 00:00:00.000,2006,4,12,December,12,3,Tuesday,2007,2
20061213,2006-12-13 00:00:00.000,2006,4,12,December,13,4,Wednesday,2007,2
20061214,2006-12-14 00:00:00.000,2006,4,12,December,14,5,Thursday,2007,2
20061215,2006-12-15 00:00:00.000,2006,4,12,December,15,6,Friday,2007,2
20061216,2006-12-16 00:00:00.000,2006,4,12,December,16,7,Saturday,2007,2
20061217,2006-12-17 00:00:00.000,2006,4,12,December,17,1,Sunday,2007,2
20061218,2006-12-18 00:00:00.000,2006,4,12,December,18,2,Monday,2007,2
20061219,2006-12-19 00:00:00.000,2006,4,12,December,19,3,Tuesday,2007,2
20061220,2006-12-20 00:00:00.000,2006,4,12,December,20,4,Wednesday,2007,2
20061221,2006-12-21 00:00:00.000,2006,4,12,December,21,5,Thursday,2007,2
20061222,2006-12-22 00:00:00.000,2006,4,12,December,22,6,Friday,2007,2
20061223,2006-12-23 00:00:00.000,2006,4,12,December,23,7,Saturday,2007,2
20061224,2006-12-24 00:00:00.000,2006,4,12,December,24,1,Sunday,2007,2
20061225,2006-12-25 00:00:00.000,2006,4,12,December,25,2,Monday,2007,2
20061226,2006-12-26 00:00:00.000,2006,4,12,December,26,3,Tuesday,2007,2
20061227,2006-12-27 00:00:00.000,2006,4,12,December,27,4,Wednesday,2007,2
20061228,2006-12-28 00:00:00.000,2006,4,12,December,28,5,Thursday,2007,2
20061229,2006-12-29 00:00:00.000,2006,4,12,December,29,6,Friday,2007,2
20061230,2006-12-30 00:00:00.000,2006,4,12,December,30,7,Saturday,2007,2
20061231,2006-12-31 00:00:00.000,2006,4,12,December,31,1,Sunday,2007,2
20070101,2007-01-01 00:00:00.000,2007,1,1,January,1,2,Monday,2007,3
20070102,2007-01-02 00:00:00.000,2007,1,1,January,2,3,Tuesday,2007,3
20070103,2007-01-03 00:00:00.000,2007,1,1,January,3,4,Wednesday,2007,3
20070104,2007-01-04 00:00:00.000,2007,1,1,January,4,5,Thursday,2007,3
20070105,2007-01-05 00:00:00.000,2007,1,1,January,5,6,Friday,2007,3
20070106,2007-01-06 00:00:00.000,2007,1,1,January,6,7,Saturday,2007,3
20070107,2007-01-07 00:00:00.000,2007,1,1,January,7,1,Sunday,2007,3
20070108,2007-01-08 00:00:00.000,2007,1,1,January,8,2,Monday,2007,3
20070109,2007-01-09 00:00:00.000,2007,1,1,January,9,3,Tuesday,2007,3
20070110,2007-01-10 00:00:00.000,2007,1,1,January,10,4,Wednesday,2007,3
20070111,2007-01-11 00:00:00.000,2007,1,1,January,11,5,Thursday,2007,3
20070112,2007-01-12 00:00:00.000,2007,1,1,January,12,6,Friday,2007,3
20070113,2007-01-13 00:00:00.000,2007,1,1,January,13,7,Saturday,2007,3
20070114,2007-01-14 00:00:00.000,2007,1,1,January,14,1,Sunday,2007,3
20070115,2007-01-15 00:00:00.000,2007,1,1,January,15,2,Monday,2007,3
20070116,2007-01-16 00:00:00.000,2007,1,1,January,16,3,Tuesday,2007,3
20070117,2007-01-17 00:00:00.000,2007,1,1,January,17,4,Wednesday,2007,3
20070118,2007-01-18 00:00:00.000,2007,1,1,January,18,5,Thursday,2007,3
20070119,2007-01-19 00:00:00.000,2007,1,1,January,19,6,Friday,2007,3
20070120,2007-01-20 00:00:00.000,2007,1,1,January,20,7,Saturday,2007,3
20070121,2007-01-21 00:00:00.000,2007,1,1,January,21,1,Sunday,2007,3
20070122,2007-01-22 00:00:00.000,2007,1,1,January,22,2,Monday,2007,3
20070123,2007-01-23 00:00:00.000,2007,1,1,January,23,3,Tuesday,2007,3
20070124,2007-01-24 00:00:00.000,2007,1,1,January,24,4,Wednesday,2007,3
20070125,2007-01-25 00:00:00.000,2007,1,1,January,25,5,Thursday,2007,3
20070126,2007-01-26 00:00:00.000,2007,1,1,January,26,6,Friday,2007,3
20070127,2007-01-27 00:00:00.000,2007,1,1,January,27,7,Saturday,2007,3
20070128,2007-01-28 00:00:00.000,2007,1,1,January,28,1,Sunday,2007,3
20070129,2007-01-29 00:00:00.000,2007,1,1,January,29,2,Monday,2007,3
20070130,2007-01-30 00:00:00.000,2007,1,1,January,30,3,Tuesday,2007,3
20070131,2007-01-31 00:00:00.000,2007,1,1,January,31,4,Wednesday,2007,3
20070201,2007-02-01 00:00:00.000,2007,1,2,February,1,5,Thursday,2007,3
20070202,2007-02-02 00:00:00.000,2007,1,2,February,2,6,Friday,2007,3
20070203,2007-02-03 00:00:00.000,2007,1,2,February,3,7,Saturday,2007,3
20070204,2007-02-04 00:00:00.000,2007,1,2,February,4,1,Sunday,2007,3
20070205,2007-02-05 00:00:00.000,2007,1,2,February,5,2,Monday,2007,3
20070206,2007-02-06 00:00:00.000,2007,1,2,February,6,3,Tuesday,2007,3
20070207,2007-02-07 00:00:00.000,2007,1,2,February,7,4,Wednesday,2007,3
20070208,2007-02-08 00:00:00.000,2007,1,2,February,8,5,Thursday,2007,3
20070209,2007-02-09 00:00:00.000,2007,1,2,February,9,6,Friday,2007,3
20070210,2007-02-10 00:00:00.000,2007,1,2,February,10,7,Saturday,2007,3
20070211,2007-02-11 00:00:00.000,2007,1,2,February,11,1,Sunday,2007,3
20070212,2007-02-12 00:00:00.000,2007,1,2,February,12,2,Monday,2007,3
20070213,2007-02-13 00:00:00.000,2007,1,2,February,13,3,Tuesday,2007,3
20070214,2007-02-14 00:00:00.000,2007,1,2,February,14,4,Wednesday,2007,3
20070215,2007-02-15 00:00:00.000,2007,1,2,February,15,5,Thursday,2007,3
20070216,2007-02-16 00:00:00.000,2007,1,2,February,16,6,Friday,2007,3
20070217,2007-02-17 00:00:00.000,2007,1,2,February,17,7,Saturday,2007,3
20070218,2007-02-18 00:00:00.000,2007,1,2,February,18,1,Sunday,2007,3
20070219,2007-02-19 00:00:00.000,2007,1,2,February,19,2,Monday,2007,3
20070220,2007-02-20 00:00:00.000,2007,1,2,February,20,3,Tuesday,2007,3
20070221,2007-02-21 00:00:00.000,2007,1,2,February,21,4,Wednesday,2007,3
20070222,2007-02-22 00:00:00.000,2007,1,2,February,22,5,Thursday,2007,3
20070223,2007-02-23 00:00:00.000,2007,1,2,February,23,6,Friday,2007,3
20070224,2007-02-24 00:00:00.000,2007,1,2,February,24,7,Saturday,2007,3
20070225,2007-02-25 00:00:00.000,2007,1,2,February,25,1,Sunday,2007,3
20070226,2007-02-26 00:00:00.000,2007,1,2,February,26,2,Monday,2007,3
20070227,2007-02-27 00:00:00.000,2007,1,2,February,27,3,Tuesday,2007,3
20070228,2007-02-28 00:00:00.000,2007,1,2,February,28,4,Wednesday,2007,3
20070301,2007-03-01 00:00:00.000,2007,1,3,March,1,5,Thursday,2007,3
20070302,2007-03-02 00:00:00.000,2007,1,3,March,2,6,Friday,2007,3
20070303,2007-03-03 00:00:00.000,2007,1,3,March,3,7,Saturday,2007,3
20070304,2007-03-04 00:00:00.000,2007,1,3,March,4,1,Sunday,2007,3
20070305,2007-03-05 00:00:00.000,2007,1,3,March,5,2,Monday,2007,3
20070306,2007-03-06 00:00:00.000,2007,1,3,March,6,3,Tuesday,2007,3
20070307,2007-03-07 00:00:00.000,2007,1,3,March,7,4,Wednesday,2007,3
20070308,2007-03-08 00:00:00.000,2007,1,3,March,8,5,Thursday,2007,3
20070309,2007-03-09 00:00:00.000,2007,1,3,March,9,6,Friday,2007,3
20070310,2007-03-10 00:00:00.000,2007,1,3,March,10,7,Saturday,2007,3
20070311,2007-03-11 00:00:00.000,2007,1,3,March,11,1,Sunday,2007,3
20070312,2007-03-12 00:00:00.000,2007,1,3,March,12,2,Monday,2007,3
20070313,2007-03-13 00:00:00.000,2007,1,3,March,13,3,Tuesday,2007,3
20070314,2007-03-14 00:00:00.000,2007,1,3,March,14,4,Wednesday,2007,3
20070315,2007-03-15 00:00:00.000,2007,1,3,March,15,5,Thursday,2007,3
20070316,2007-03-16 00:00:00.000,2007,1,3,March,16,6,Friday,2007,3
20070317,2007-03-17 00:00:00.000,2007,1,3,March,17,7,Saturday,2007,3
20070318,2007-03-18 00:00:00.000,2007,1,3,March,18,1,Sunday,2007,3
20070319,2007-03-19 00:00:00.000,2007,1,3,March,19,2,Monday,2007,3
20070320,2007-03-20 00:00:00.000,2007,1,3,March,20,3,Tuesday,2007,3
20070321,2007-03-21 00:00:00.000,2007,1,3,March,21,4,Wednesday,2007,3
20070322,2007-03-22 00:00:00.000,2007,1,3,March,22,5,Thursday,2007,3
20070323,2007-03-23 00:00:00.000,2007,1,3,March,23,6,Friday,2007,3
20070324,2007-03-24 00:00:00.000,2007,1,3,March,24,7,Saturday,2007,3
20070325,2007-03-25 00:00:00.000,2007,1,3,March,25,1,Sunday,2007,3
20070326,2007-03-26 00:00:00.000,2007,1,3,March,26,2,Monday,2007,3
20070327,2007-03-27 00:00:00.000,2007,1,3,March,27,3,Tuesday,2007,3
20070328,2007-03-28 00:00:00.000,2007,1,3,March,28,4,Wednesday,2007,3
20070329,2007-03-29 00:00:00.000,2007,1,3,March,29,5,Thursday,2007,3
20070330,2007-03-30 00:00:00.000,2007,1,3,March,30,6,Friday,2007,3
20070331,2007-03-31 00:00:00.000,2007,1,3,March,31,7,Saturday,2007,3
20070401,2007-04-01 00:00:00.000,2007,2,4,April,1,1,Sunday,2007,4
20070402,2007-04-02 00:00:00.000,2007,2,4,April,2,2,Monday,2007,4
20070403,2007-04-03 00:00:00.000,2007,2,4,April,3,3,Tuesday,2007,4
20070404,2007-04-04 00:00:00.000,2007,2,4,April,4,4,Wednesday,2007,4
20070405,2007-04-05 00:00:00.000,2007,2,4,April,5,5,Thursday,2007,4
20070406,2007-04-06 00:00:00.000,2007,2,4,April,6,6,Friday,2007,4
20070407,2007-04-07 00:00:00.000,2007,2,4,April,7,7,Saturday,2007,4
20070408,2007-04-08 00:00:00.000,2007,2,4,April,8,1,Sunday,2007,4
20070409,2007-04-09 00:00:00.000,2007,2,4,April,9,2,Monday,2007,4
20070410,2007-04-10 00:00:00.000,2007,2,4,April,10,3,Tuesday,2007,4
20070411,2007-04-11 00:00:00.000,2007,2,4,April,11,4,Wednesday,2007,4
20070412,2007-04-12 00:00:00.000,2007,2,4,April,12,5,Thursday,2007,4
20070413,2007-04-13 00:00:00.000,2007,2,4,April,13,6,Friday,2007,4
20070414,2007-04-14 00:00:00.000,2007,2,4,April,14,7,Saturday,2007,4
20070415,2007-04-15 00:00:00.000,2007,2,4,April,15,1,Sunday,2007,4
20070416,2007-04-16 00:00:00.000,2007,2,4,April,16,2,Monday,2007,4
20070417,2007-04-17 00:00:00.000,2007,2,4,April,17,3,Tuesday,2007,4
20070418,2007-04-18 00:00:00.000,2007,2,4,April,18,4,Wednesday,2007,4
20070419,2007-04-19 00:00:00.000,2007,2,4,April,19,5,Thursday,2007,4
20070420,2007-04-20 00:00:00.000,2007,2,4,April,20,6,Friday,2007,4
20070421,2007-04-21 00:00:00.000,2007,2,4,April,21,7,Saturday,2007,4
20070422,2007-04-22 00:00:00.000,2007,2,4,April,22,1,Sunday,2007,4
20070423,2007-04-23 00:00:00.000,2007,2,4,April,23,2,Monday,2007,4
20070424,2007-04-24 00:00:00.000,2007,2,4,April,24,3,Tuesday,2007,4
20070425,2007-04-25 00:00:00.000,2007,2,4,April,25,4,Wednesday,2007,4
20070426,2007-04-26 00:00:00.000,2007,2,4,April,26,5,Thursday,2007,4
20070427,2007-04-27 00:00:00.000,2007,2,4,April,27,6,Friday,2007,4
20070428,2007-04-28 00:00:00.000,2007,2,4,April,28,7,Saturday,2007,4
20070429,2007-04-29 00:00:00.000,2007,2,4,April,29,1,Sunday,2007,4
20070430,2007-04-30 00:00:00.000,2007,2,4,April,30,2,Monday,2007,4
20070501,2007-05-01 00:00:00.000,2007,2,5,May,1,3,Tuesday,2007,4
20070502,2007-05-02 00:00:00.000,2007,2,5,May,2,4,Wednesday,2007,4
20070503,2007-05-03 00:00:00.000,2007,2,5,May,3,5,Thursday,2007,4
20070504,2007-05-04 00:00:00.000,2007,2,5,May,4,6,Friday,2007,4
20070505,2007-05-05 00:00:00.000,2007,2,5,May,5,7,Saturday,2007,4
20070506,2007-05-06 00:00:00.000,2007,2,5,May,6,1,Sunday,2007,4
20070507,2007-05-07 00:00:00.000,2007,2,5,May,7,2,Monday,2007,4
20070508,2007-05-08 00:00:00.000,2007,2,5,May,8,3,Tuesday,2007,4
20070509,2007-05-09 00:00:00.000,2007,2,5,May,9,4,Wednesday,2007,4
20070510,2007-05-10 00:00:00.000,2007,2,5,May,10,5,Thursday,2007,4
20070511,2007-05-11 00:00:00.000,2007,2,5,May,11,6,Friday,2007,4
20070512,2007-05-12 00:00:00.000,2007,2,5,May,12,7,Saturday,2007,4
20070513,2007-05-13 00:00:00.000,2007,2,5,May,13,1,Sunday,2007,4
20070514,2007-05-14 00:00:00.000,2007,2,5,May,14,2,Monday,2007,4
20070515,2007-05-15 00:00:00.000,2007,2,5,May,15,3,Tuesday,2007,4
20070516,2007-05-16 00:00:00.000,2007,2,5,May,16,4,Wednesday,2007,4
20070517,2007-05-17 00:00:00.000,2007,2,5,May,17,5,Thursday,2007,4
20070518,2007-05-18 00:00:00.000,2007,2,5,May,18,6,Friday,2007,4
20070519,2007-05-19 00:00:00.000,2007,2,5,May,19,7,Saturday,2007,4
20070520,2007-05-20 00:00:00.000,2007,2,5,May,20,1,Sunday,2007,4
20070521,2007-05-21 00:00:00.000,2007,2,5,May,21,2,Monday,2007,4
20070522,2007-05-22 00:00:00.000,2007,2,5,May,22,3,Tuesday,2007,4
20070523,2007-05-23 00:00:00.000,2007,2,5,May,23,4,Wednesday,2007,4
20070524,2007-05-24 00:00:00.000,2007,2,5,May,24,5,Thursday,2007,4
20070525,2007-05-25 00:00:00.000,2007,2,5,May,25,6,Friday,2007,4
20070526,2007-05-26 00:00:00.000,2007,2,5,May,26,7,Saturday,2007,4
20070527,2007-05-27 00:00:00.000,2007,2,5,May,27,1,Sunday,2007,4
20070528,2007-05-28 00:00:00.000,2007,2,5,May,28,2,Monday,2007,4
20070529,2007-05-29 00:00:00.000,2007,2,5,May,29,3,Tuesday,2007,4
20070530,2007-05-30 00:00:00.000,2007,2,5,May,30,4,Wednesday,2007,4
20070531,2007-05-31 00:00:00.000,2007,2,5,May,31,5,Thursday,2007,4
20070601,2007-06-01 00:00:00.000,2007,2,6,June,1,6,Friday,2007,4
20070602,2007-06-02 00:00:00.000,2007,2,6,June,2,7,Saturday,2007,4
20070603,2007-06-03 00:00:00.000,2007,2,6,June,3,1,Sunday,2007,4
20070604,2007-06-04 00:00:00.000,2007,2,6,June,4,2,Monday,2007,4
20070605,2007-06-05 00:00:00.000,2007,2,6,June,5,3,Tuesday,2007,4
20070606,2007-06-06 00:00:00.000,2007,2,6,June,6,4,Wednesday,2007,4
20070607,2007-06-07 00:00:00.000,2007,2,6,June,7,5,Thursday,2007,4
20070608,2007-06-08 00:00:00.000,2007,2,6,June,8,6,Friday,2007,4
20070609,2007-06-09 00:00:00.000,2007,2,6,June,9,7,Saturday,2007,4
20070610,2007-06-10 00:00:00.000,2007,2,6,June,10,1,Sunday,2007,4
20070611,2007-06-11 00:00:00.000,2007,2,6,June,11,2,Monday,2007,4
20070612,2007-06-12 00:00:00.000,2007,2,6,June,12,3,Tuesday,2007,4
20070613,2007-06-13 00:00:00.000,2007,2,6,June,13,4,Wednesday,2007,4
20070614,2007-06-14 00:00:00.000,2007,2,6,June,14,5,Thursday,2007,4
20070615,2007-06-15 00:00:00.000,2007,2,6,June,15,6,Friday,2007,4
20070616,2007-06-16 00:00:00.000,2007,2,6,June,16,7,Saturday,2007,4
20070617,2007-06-17 00:00:00.000,2007,2,6,June,17,1,Sunday,2007,4
20070618,2007-06-18 00:00:00.000,2007,2,6,June,18,2,Monday,2007,4
20070619,2007-06-19 00:00:00.000,2007,2,6,June,19,3,Tuesday,2007,4
20070620,2007-06-20 00:00:00.000,2007,2,6,June,20,4,Wednesday,2007,4
20070621,2007-06-21 00:00:00.000,2007,2,6,June,21,5,Thursday,2007,4
20070622,2007-06-22 00:00:00.000,2007,2,6,June,22,6,Friday,2007,4
20070623,2007-06-23 00:00:00.000,2007,2,6,June,23,7,Saturday,2007,4
20070624,2007-06-24 00:00:00.000,2007,2,6,June,24,1,Sunday,2007,4
20070625,2007-06-25 00:00:00.000,2007,2,6,June,25,2,Monday,2007,4
20070626,2007-06-26 00:00:00.000,2007,2,6,June,26,3,Tuesday,2007,4
20070627,2007-06-27 00:00:00.000,2007,2,6,June,27,4,Wednesday,2007,4
20070628,2007-06-28 00:00:00.000,2007,2,6,June,28,5,Thursday,2007,4
20070629,2007-06-29 00:00:00.000,2007,2,6,June,29,6,Friday,2007,4
20070630,2007-06-30 00:00:00.000,2007,2,6,June,30,7,Saturday,2007,4
20070701,2007-07-01 00:00:00.000,2007,3,7,July,1,1,Sunday,2008,1
20070702,2007-07-02 00:00:00.000,2007,3,7,July,2,2,Monday,2008,1
20070703,2007-07-03 00:00:00.000,2007,3,7,July,3,3,Tuesday,2008,1
20070704,2007-07-04 00:00:00.000,2007,3,7,July,4,4,Wednesday,2008,1
20070705,2007-07-05 00:00:00.000,2007,3,7,July,5,5,Thursday,2008,1
20070706,2007-07-06 00:00:00.000,2007,3,7,July,6,6,Friday,2008,1
20070707,2007-07-07 00:00:00.000,2007,3,7,July,7,7,Saturday,2008,1
20070708,2007-07-08 00:00:00.000,2007,3,7,July,8,1,Sunday,2008,1
20070709,2007-07-09 00:00:00.000,2007,3,7,July,9,2,Monday,2008,1
20070710,2007-07-10 00:00:00.000,2007,3,7,July,10,3,Tuesday,2008,1
20070711,2007-07-11 00:00:00.000,2007,3,7,July,11,4,Wednesday,2008,1
20070712,2007-07-12 00:00:00.000,2007,3,7,July,12,5,Thursday,2008,1
20070713,2007-07-13 00:00:00.000,2007,3,7,July,13,6,Friday,2008,1
20070714,2007-07-14 00:00:00.000,2007,3,7,July,14,7,Saturday,2008,1
20070715,2007-07-15 00:00:00.000,2007,3,7,July,15,1,Sunday,2008,1
20070716,2007-07-16 00:00:00.000,2007,3,7,July,16,2,Monday,2008,1
20070717,2007-07-17 00:00:00.000,2007,3,7,July,17,3,Tuesday,2008,1
20070718,2007-07-18 00:00:00.000,2007,3,7,July,18,4,Wednesday,2008,1
20070719,2007-07-19 00:00:00.000,2007,3,7,July,19,5,Thursday,2008,1
20070720,2007-07-20 00:00:00.000,2007,3,7,July,20,6,Friday,2008,1
20070721,2007-07-21 00:00:00.000,2007,3,7,July,21,7,Saturday,2008,1
20070722,2007-07-22 00:00:00.000,2007,3,7,July,22,1,Sunday,2008,1
20070723,2007-07-23 00:00:00.000,2007,3,7,July,23,2,Monday,2008,1
20070724,2007-07-24 00:00:00.000,2007,3,7,July,24,3,Tuesday,2008,1
20070725,2007-07-25 00:00:00.000,2007,3,7,July,25,4,Wednesday,2008,1
20070726,2007-07-26 00:00:00.000,2007,3,7,July,26,5,Thursday,2008,1
20070727,2007-07-27 00:00:00.000,2007,3,7,July,27,6,Friday,2008,1
20070728,2007-07-28 00:00:00.000,2007,3,7,July,28,7,Saturday,2008,1
20070729,2007-07-29 00:00:00.000,2007,3,7,July,29,1,Sunday,2008,1
20070730,2007-07-30 00:00:00.000,2007,3,7,July,30,2,Monday,2008,1
20070731,2007-07-31 00:00:00.000,2007,3,7,July,31,3,Tuesday,2008,1
20070801,2007-08-01 00:00:00.000,2007,3,8,August,1,4,Wednesday,2008,1
20070802,2007-08-02 00:00:00.000,2007,3,8,August,2,5,Thursday,2008,1
20070803,2007-08-03 00:00:00.000,2007,3,8,August,3,6,Friday,2008,1
20070804,2007-08-04 00:00:00.000,2007,3,8,August,4,7,Saturday,2008,1
20070805,2007-08-05 00:00:00.000,2007,3,8,August,5,1,Sunday,2008,1
20070806,2007-08-06 00:00:00.000,2007,3,8,August,6,2,Monday,2008,1
20070807,2007-08-07 00:00:00.000,2007,3,8,August,7,3,Tuesday,2008,1
20070808,2007-08-08 00:00:00.000,2007,3,8,August,8,4,Wednesday,2008,1
20070809,2007-08-09 00:00:00.000,2007,3,8,August,9,5,Thursday,2008,1
20070810,2007-08-10 00:00:00.000,2007,3,8,August,10,6,Friday,2008,1
20070811,2007-08-11 00:00:00.000,2007,3,8,August,11,7,Saturday,2008,1
20070812,2007-08-12 00:00:00.000,2007,3,8,August,12,1,Sunday,2008,1
20070813,2007-08-13 00:00:00.000,2007,3,8,August,13,2,Monday,2008,1
20070814,2007-08-14 00:00:00.000,2007,3,8,August,14,3,Tuesday,2008,1
20070815,2007-08-15 00:00:00.000,2007,3,8,August,15,4,Wednesday,2008,1
20070816,2007-08-16 00:00:00.000,2007,3,8,August,16,5,Thursday,2008,1
20070817,2007-08-17 00:00:00.000,2007,3,8,August,17,6,Friday,2008,1
20070818,2007-08-18 00:00:00.000,2007,3,8,August,18,7,Saturday,2008,1
20070819,2007-08-19 00:00:00.000,2007,3,8,August,19,1,Sunday,2008,1
20070820,2007-08-20 00:00:00.000,2007,3,8,August,20,2,Monday,2008,1
20070821,2007-08-21 00:00:00.000,2007,3,8,August,21,3,Tuesday,2008,1
20070822,2007-08-22 00:00:00.000,2007,3,8,August,22,4,Wednesday,2008,1
20070823,2007-08-23 00:00:00.000,2007,3,8,August,23,5,Thursday,2008,1
20070824,2007-08-24 00:00:00.000,2007,3,8,August,24,6,Friday,2008,1
20070825,2007-08-25 00:00:00.000,2007,3,8,August,25,7,Saturday,2008,1
20070826,2007-08-26 00:00:00.000,2007,3,8,August,26,1,Sunday,2008,1
20070827,2007-08-27 00:00:00.000,2007,3,8,August,27,2,Monday,2008,1
20070828,2007-08-28 00:00:00.000,2007,3,8,August,28,3,Tuesday,2008,1
20070829,2007-08-29 00:00:00.000,2007,3,8,August,29,4,Wednesday,2008,1
20070830,2007-08-30 00:00:00.000,2007,3,8,August,30,5,Thursday,2008,1
20070831,2007-08-31 00:00:00.000,2007,3,8,August,31,6,Friday,2008,1
20070901,2007-09-01 00:00:00.000,2007,3,9,September,1,7,Saturday,2008,1
20070902,2007-09-02 00:00:00.000,2007,3,9,September,2,1,Sunday,2008,1
20070903,2007-09-03 00:00:00.000,2007,3,9,September,3,2,Monday,2008,1
20070904,2007-09-04 00:00:00.000,2007,3,9,September,4,3,Tuesday,2008,1
20070905,2007-09-05 00:00:00.000,2007,3,9,September,5,4,Wednesday,2008,1
20070906,2007-09-06 00:00:00.000,2007,3,9,September,6,5,Thursday,2008,1
20070907,2007-09-07 00:00:00.000,2007,3,9,September,7,6,Friday,2008,1
20070908,2007-09-08 00:00:00.000,2007,3,9,September,8,7,Saturday,2008,1
20070909,2007-09-09 00:00:00.000,2007,3,9,September,9,1,Sunday,2008,1
20070910,2007-09-10 00:00:00.000,2007,3,9,September,10,2,Monday,2008,1
20070911,2007-09-11 00:00:00.000,2007,3,9,September,11,3,Tuesday,2008,1
20070912,2007-09-12 00:00:00.000,2007,3,9,September,12,4,Wednesday,2008,1
20070913,2007-09-13 00:00:00.000,2007,3,9,September,13,5,Thursday,2008,1
20070914,2007-09-14 00:00:00.000,2007,3,9,September,14,6,Friday,2008,1
20070915,2007-09-15 00:00:00.000,2007,3,9,September,15,7,Saturday,2008,1
20070916,2007-09-16 00:00:00.000,2007,3,9,September,16,1,Sunday,2008,1
20070917,2007-09-17 00:00:00.000,2007,3,9,September,17,2,Monday,2008,1
20070918,2007-09-18 00:00:00.000,2007,3,9,September,18,3,Tuesday,2008,1
20070919,2007-09-19 00:00:00.000,2007,3,9,September,19,4,Wednesday,2008,1
20070920,2007-09-20 00:00:00.000,2007,3,9,September,20,5,Thursday,2008,1
20070921,2007-09-21 00:00:00.000,2007,3,9,September,21,6,Friday,2008,1
20070922,2007-09-22 00:00:00.000,2007,3,9,September,22,7,Saturday,2008,1
20070923,2007-09-23 00:00:00.000,2007,3,9,September,23,1,Sunday,2008,1
20070924,2007-09-24 00:00:00.000,2007,3,9,September,24,2,Monday,2008,1
20070925,2007-09-25 00:00:00.000,2007,3,9,September,25,3,Tuesday,2008,1
20070926,2007-09-26 00:00:00.000,2007,3,9,September,26,4,Wednesday,2008,1
20070927,2007-09-27 00:00:00.000,2007,3,9,September,27,5,Thursday,2008,1
